[
{
    "model": "home.formfield",
    "pk": 1,
    "fields": {
        "sort_order": 0,
        "label": "name",
        "field_type": "singleline",
        "required": true,
        "choices": "",
        "default_value": "",
        "help_text": "Name",
        "page": 7
    }
},
{
    "model": "home.formfield",
    "pk": 2,
    "fields": {
        "sort_order": 1,
        "label": "Email address",
        "field_type": "email",
        "required": true,
        "choices": "",
        "default_value": "",
        "help_text": "Email address",
        "page": 7
    }
},
{
    "model": "home.formfield",
    "pk": 3,
    "fields": {
        "sort_order": 2,
        "label": "Phone",
        "field_type": "singleline",
        "required": false,
        "choices": "",
        "default_value": "",
        "help_text": "Phone Number",
        "page": 7
    }
},
{
    "model": "home.formfield",
    "pk": 4,
    "fields": {
        "sort_order": 3,
        "label": "Company",
        "field_type": "singleline",
        "required": false,
        "choices": "",
        "default_value": "",
        "help_text": "Company",
        "page": 7
    }
},
{
    "model": "home.formfield",
    "pk": 5,
    "fields": {
        "sort_order": 6,
        "label": "Description of your Project and Requirements",
        "field_type": "multiline",
        "required": true,
        "choices": "",
        "default_value": "",
        "help_text": "Description of your Project and Requirements",
        "page": 7
    }
},
{
    "model": "home.formfield",
    "pk": 6,
    "fields": {
        "sort_order": 5,
        "label": "Project Type",
        "field_type": "dropdown",
        "required": false,
        "choices": ", Web Development, UI / UX Design, Web Application",
        "default_value": "",
        "help_text": "",
        "page": 7
    }
},
{
    "model": "home.formfield",
    "pk": 7,
    "fields": {
        "sort_order": 4,
        "label": "Budget",
        "field_type": "singleline",
        "required": false,
        "choices": "",
        "default_value": "",
        "help_text": "Budget",
        "page": 7
    }
},
{
    "model": "wagtailforms.formsubmission",
    "pk": 1,
    "fields": {
        "form_data": "{\"name\": \"Dominic C Mazzola\", \"email-address\": \"dominicmazzola@gmail.com\", \"description-of-your-project-and-requirements\": \"test\", \"phone\": \"7347881003\", \"company\": \"\", \"project-type\": \"\", \"budget\": \"\"}",
        "page": 7,
        "submit_time": "2019-03-05T00:15:28.590Z"
    }
},
{
    "model": "wagtailforms.formsubmission",
    "pk": 2,
    "fields": {
        "form_data": "{\"name\": \"Dominic C Mazzola\", \"email-address\": \"dominicmazzola@gmail.com\", \"description-of-your-project-and-requirements\": \"test\", \"phone\": \"7347881003\", \"company\": \"\", \"project-type\": \"\", \"budget\": \"\"}",
        "page": 7,
        "submit_time": "2019-03-05T00:22:22.704Z"
    }
},
{
    "model": "wagtailforms.formsubmission",
    "pk": 3,
    "fields": {
        "form_data": "{\"name\": \"Dominic C Mazzola\", \"email-address\": \"dominicmazzola@gmail.com\", \"description-of-your-project-and-requirements\": \"testtesttest\", \"phone\": \"7347881003\", \"company\": \"\", \"project-type\": \"\", \"budget\": \"\"}",
        "page": 7,
        "submit_time": "2019-03-05T00:28:37.576Z"
    }
},
{
    "model": "wagtailcore.site",
    "pk": 2,
    "fields": {
        "hostname": "127.0.0.1",
        "port": 80,
        "site_name": "Mod Technologies",
        "root_page": 3,
        "is_default_site": true
    }
},
{
    "model": "wagtailcore.collection",
    "pk": 1,
    "fields": {
        "path": "0001",
        "depth": 1,
        "numchild": 0,
        "name": "Root"
    }
},
{
    "model": "auth.group",
    "pk": 1,
    "fields": {
        "name": "Moderators",
        "permissions": [
            [
                "access_admin",
                "wagtailadmin",
                "admin"
            ],
            [
                "add_document",
                "wagtaildocs",
                "document"
            ],
            [
                "change_document",
                "wagtaildocs",
                "document"
            ],
            [
                "delete_document",
                "wagtaildocs",
                "document"
            ],
            [
                "add_image",
                "wagtailimages",
                "image"
            ],
            [
                "change_image",
                "wagtailimages",
                "image"
            ],
            [
                "delete_image",
                "wagtailimages",
                "image"
            ]
        ]
    }
},
{
    "model": "auth.group",
    "pk": 2,
    "fields": {
        "name": "Editors",
        "permissions": [
            [
                "access_admin",
                "wagtailadmin",
                "admin"
            ],
            [
                "add_document",
                "wagtaildocs",
                "document"
            ],
            [
                "change_document",
                "wagtaildocs",
                "document"
            ],
            [
                "delete_document",
                "wagtaildocs",
                "document"
            ],
            [
                "add_image",
                "wagtailimages",
                "image"
            ],
            [
                "change_image",
                "wagtailimages",
                "image"
            ],
            [
                "delete_image",
                "wagtailimages",
                "image"
            ]
        ]
    }
},
{
    "model": "sites.site",
    "pk": 1,
    "fields": {
        "domain": "example.com",
        "name": "example.com"
    }
},
{
    "model": "users.user",
    "pk": 1,
    "fields": {
        "password": "pbkdf2_sha256$100000$HM1YqZRv6CuD$h2TblshzBoQ8ZOkNIJ7Kd2sDmkd/9uHbw+BOwxQpock=",
        "last_login": "2019-03-09T00:52:36.103Z",
        "is_superuser": true,
        "username": "root",
        "first_name": "",
        "last_name": "",
        "email": "mazz6261@kettering.edu",
        "is_staff": true,
        "is_active": true,
        "date_joined": "2019-02-15T00:33:44.372Z",
        "name": "",
        "groups": [],
        "user_permissions": []
    }
},
{
    "model": "users.profile",
    "pk": 1,
    "fields": {
        "user": [
            "root"
        ],
        "school": "Stemletics University",
        "image": "blankImage.png",
        "enrolled": []
    }
},
{
    "model": "users.userstripe",
    "pk": 1,
    "fields": {
        "user": [
            "root"
        ],
        "stripe_id": "cus_EYSvnZKdGWypaF"
    }
},
{
    "model": "memberships.discount",
    "pk": 1,
    "fields": {
        "name": "Payment on time",
        "percentage": "0.10"
    }
},
{
    "model": "memberships.charge",
    "pk": 3,
    "fields": {
        "description": "Hours Worked",
        "hours": "10.00",
        "rate": "40.00"
    }
},
{
    "model": "memberships.charge",
    "pk": 4,
    "fields": {
        "description": "Web server management",
        "hours": "10.00",
        "rate": "40.00"
    }
},
{
    "model": "memberships.invoice",
    "pk": "d499b9b9-28c0-4a42-970c-c06fefe1c12e",
    "fields": {
        "slug": "lawn",
        "user": [
            "root"
        ],
        "payed": false,
        "description": "Invoice for website",
        "amount": "100.00",
        "tax": "0.00",
        "issue_date": "2019-03-02",
        "due_date": "2019-03-28",
        "discount": 1,
        "charge": [
            4
        ]
    }
},
{
    "model": "memberships.benefit",
    "pk": 1,
    "fields": {
        "name": "SSL Certificate"
    }
},
{
    "model": "memberships.benefit",
    "pk": 2,
    "fields": {
        "name": "No cancellation fee"
    }
},
{
    "model": "memberships.benefit",
    "pk": 3,
    "fields": {
        "name": "99% up time"
    }
},
{
    "model": "memberships.benefit",
    "pk": 4,
    "fields": {
        "name": "SHA256 Secured"
    }
},
{
    "model": "memberships.benefit",
    "pk": 5,
    "fields": {
        "name": "100% Neurotic PPC Management"
    }
},
{
    "model": "memberships.benefit",
    "pk": 6,
    "fields": {
        "name": "Increased Customer Base"
    }
},
{
    "model": "memberships.benefit",
    "pk": 7,
    "fields": {
        "name": "Customized Ads"
    }
},
{
    "model": "memberships.benefit",
    "pk": 8,
    "fields": {
        "name": "Targeted Ads"
    }
},
{
    "model": "memberships.benefit",
    "pk": 9,
    "fields": {
        "name": "$150 in ads"
    }
},
{
    "model": "memberships.benefit",
    "pk": 10,
    "fields": {
        "name": "Weekly Facebook Posts"
    }
},
{
    "model": "memberships.benefit",
    "pk": 11,
    "fields": {
        "name": "Weekly Instagram Posts"
    }
},
{
    "model": "memberships.benefit",
    "pk": 12,
    "fields": {
        "name": "Google Adwords"
    }
},
{
    "model": "memberships.benefit",
    "pk": 13,
    "fields": {
        "name": "Instagram Ads"
    }
},
{
    "model": "memberships.benefit",
    "pk": 14,
    "fields": {
        "name": "Amazon CloudFront"
    }
},
{
    "model": "memberships.membership",
    "pk": 1,
    "fields": {
        "slug": "WebsiteHosting",
        "membership_type": "Website Hosting",
        "special": false,
        "description": "Web server management that you can trust",
        "price": "20.00",
        "tax": "0.00",
        "stripe_plan_id": "plan_EaMcS85NzDPndk",
        "image": "basic_logo_aBnjWcS.jpg",
        "benefit": [
            1,
            2,
            3,
            4,
            14
        ]
    }
},
{
    "model": "memberships.membership",
    "pk": 3,
    "fields": {
        "slug": "digital-marketing",
        "membership_type": "Digital Marketing",
        "special": false,
        "description": "Enhance your digital footprint with our suite of services",
        "price": "199.00",
        "tax": "0.00",
        "stripe_plan_id": "plan_EaMbss5sf6N7u1",
        "image": "basic_logo_addVqdm.jpg",
        "benefit": [
            5,
            10,
            11,
            12,
            13
        ]
    }
},
{
    "model": "memberships.usermembership",
    "pk": 1,
    "fields": {
        "user": [
            "root"
        ],
        "stripe_customer_id": "cus_EWyb0e9iABizbx",
        "membership": 1
    }
},
{
    "model": "memberships.subscription",
    "pk": "372111ec-baa8-42df-bac4-01bbdfa5e9be",
    "fields": {
        "user_membership": 1,
        "stripe_subscription_id": "sub_EfWr5qmiYDza1N",
        "active": true
    }
},
{
    "model": "memberships.transaction",
    "pk": "4c1d6ecd-3255-4340-aa3e-9eba32e81dd6",
    "fields": {
        "user": [
            "root"
        ],
        "subscription": "372111ec-baa8-42df-bac4-01bbdfa5e9be",
        "invoice_id": null,
        "amount": "20.00",
        "tax": "0.00",
        "success": true,
        "timestamp": "2019-03-09T20:29:55.610Z"
    }
},
{
    "model": "memberships.transaction",
    "pk": "5a48504e-7512-465b-af3a-db39356a4b69",
    "fields": {
        "user": [
            "root"
        ],
        "subscription": null,
        "invoice_id": "d499b9b9-28c0-4a42-970c-c06fefe1c12e",
        "amount": "100.00",
        "tax": "0.00",
        "success": true,
        "timestamp": "2019-03-03T02:07:45.582Z"
    }
},
{
    "model": "memberships.transaction",
    "pk": "6ac4ba7d-1945-46bf-9520-c1e7f588f8cb",
    "fields": {
        "user": [
            "root"
        ],
        "subscription": "372111ec-baa8-42df-bac4-01bbdfa5e9be",
        "invoice_id": null,
        "amount": "20.00",
        "tax": "0.00",
        "success": true,
        "timestamp": "2019-03-03T18:02:19.354Z"
    }
},
{
    "model": "memberships.transaction",
    "pk": "a76768ed-64f2-4374-91cb-9f752cf11447",
    "fields": {
        "user": [
            "root"
        ],
        "subscription": null,
        "invoice_id": "sub_EdF4AuBNl7tGry",
        "amount": "100.00",
        "tax": "0.00",
        "success": true,
        "timestamp": "2019-03-03T17:58:25.718Z"
    }
},
{
    "model": "memberships.transaction",
    "pk": "b15638da-66f8-40c8-af5c-b2fad8f6fa45",
    "fields": {
        "user": [
            "root"
        ],
        "subscription": null,
        "invoice_id": "d499b9b9-28c0-4a42-970c-c06fefe1c12e",
        "amount": "100.00",
        "tax": "0.00",
        "success": true,
        "timestamp": "2019-03-03T02:02:36.319Z"
    }
},
{
    "model": "memberships.transaction",
    "pk": "bff1ca82-cc31-4853-98a6-3227d50f7ead",
    "fields": {
        "user": [
            "root"
        ],
        "subscription": null,
        "invoice_id": "d499b9b9-28c0-4a42-970c-c06fefe1c12e",
        "amount": "100.00",
        "tax": "0.00",
        "success": true,
        "timestamp": "2019-03-03T02:08:20.571Z"
    }
},
{
    "model": "memberships.transaction",
    "pk": "d0a96d38-2291-4961-8e7e-1f28730b68c9",
    "fields": {
        "user": [
            "root"
        ],
        "subscription": null,
        "invoice_id": "d499b9b9-28c0-4a42-970c-c06fefe1c12e",
        "amount": "100.00",
        "tax": "0.00",
        "success": true,
        "timestamp": "2019-03-03T01:58:14.353Z"
    }
},
{
    "model": "account.emailaddress",
    "pk": 1,
    "fields": {
        "user": [
            "root"
        ],
        "email": "mazz6261@kettering.edu",
        "verified": true,
        "primary": true
    }
},
{
    "model": "project.projectpage",
    "pk": 5,
    "fields": {
        "date": "2019-02-18",
        "header": "<p>Lexington Landscapes</p>",
        "intro": "A better digital experience for one of Northville's best Landscaping Company.",
        "title_1": "<p>Lorem ipsum dolor Lorem ipsum dolor</p>",
        "body_1": "<p>Zenith Bank is one of the largest commercial banks in Africa. Since they launched in May 1990, they\u2019ve thrived on strong values of professionalism and service excellence which are the foundations upon which the bank was built. We partnered with Zenith to rebuild a modern and functional website by completely restructuring the layout, thereby creating an innovative design that strengthens their brand\u2019s positioning.</p>",
        "image_url_1": "/static/img/casestudy_1.jpg",
        "title_2": "<p>Lorem ipsum dolor Lorem ipsum dolor</p>",
        "body_2": "<p>Zenith Bank is one of the largest commercial banks in Africa. Since they launched in May 1990, they\u2019ve thrived on strong values of professionalism and service excellence which are the foundations upon which the bank was built. We partnered with Zenith to rebuild a modern and functional website by completely restructuring the layout, thereby creating an innovative design that strengthens their brand\u2019s positioning.</p>",
        "image_url_2": "https://s3.us-east-2.amazonaws.com/mazz/Selection_220.png",
        "title_3": "<p>Lorem ipsum dolor Lorem ipsum dolor</p>",
        "body_3": "<p>Zenith Bank is one of the largest commercial banks in Africa. Since they launched in May 1990, they\u2019ve thrived on strong values of professionalism and service excellence which are the foundations upon which the bank was built. We partnered with Zenith to rebuild a modern and functional website by completely restructuring the layout, thereby creating an innovative design that strengthens their brand\u2019s positioning.</p>",
        "image_url_3": "https://s3.us-east-2.amazonaws.com/mazz/Selection_220.png",
        "work_done": "UI / UX Design \u2022 Web Development",
        "location": "Northville, MI",
        "website_url": "www.northvillelandscapes.com",
        "active": true
    }
},
{
    "model": "project.projectpage",
    "pk": 6,
    "fields": {
        "date": "2019-02-19",
        "header": "<p></p>",
        "intro": "Stemletics",
        "title_1": "<p></p>",
        "body_1": "<p></p>",
        "image_url_1": "/static/img/casestudy_1.jpg",
        "title_2": "<p></p>",
        "body_2": "<p></p>",
        "image_url_2": "",
        "title_3": "<p></p>",
        "body_3": "<p></p>",
        "image_url_3": "",
        "work_done": "UI / UX Design &middot; Web Development",
        "location": "Flint, MI",
        "website_url": "stemletics.com",
        "active": false
    }
},
{
    "model": "project.projectindexpage",
    "pk": 4,
    "fields": {
        "header": "<p>We Are Mod</p>",
        "intro": "<p>Digital Design &amp; Development Agency</p>",
        "body": "<p>Mod Technologies is a digital product agency dedicated to building cutting-edge website experiences and brand identities for forward-thinking companies. We\u2019re creatives driven by the synergy of design and technology.</p><p></p>"
    }
},
{
    "model": "admin.logentry",
    "pk": 1,
    "fields": {
        "action_time": "2019-02-24T01:35:59.099Z",
        "user": [
            "root"
        ],
        "content_type": [
            "memberships",
            "membership"
        ],
        "object_id": "1",
        "object_repr": "Basic",
        "action_flag": 1,
        "change_message": "[{\"added\": {}}]"
    }
},
{
    "model": "admin.logentry",
    "pk": 2,
    "fields": {
        "action_time": "2019-02-24T01:37:30.049Z",
        "user": [
            "root"
        ],
        "content_type": [
            "memberships",
            "membership"
        ],
        "object_id": "1",
        "object_repr": "Website Hosting",
        "action_flag": 2,
        "change_message": "[{\"changed\": {\"fields\": [\"membership_type\"]}}]"
    }
},
{
    "model": "admin.logentry",
    "pk": 3,
    "fields": {
        "action_time": "2019-02-24T01:38:09.135Z",
        "user": [
            "root"
        ],
        "content_type": [
            "memberships",
            "membership"
        ],
        "object_id": "2",
        "object_repr": "PPC Advertising",
        "action_flag": 1,
        "change_message": "[{\"added\": {}}]"
    }
},
{
    "model": "admin.logentry",
    "pk": 4,
    "fields": {
        "action_time": "2019-02-24T03:22:07.979Z",
        "user": [
            "root"
        ],
        "content_type": [
            "memberships",
            "benefit"
        ],
        "object_id": "1",
        "object_repr": "SSL Certificate",
        "action_flag": 1,
        "change_message": "[{\"added\": {}}]"
    }
},
{
    "model": "admin.logentry",
    "pk": 5,
    "fields": {
        "action_time": "2019-02-24T03:22:24.831Z",
        "user": [
            "root"
        ],
        "content_type": [
            "memberships",
            "benefit"
        ],
        "object_id": "2",
        "object_repr": "No cancellation fee",
        "action_flag": 1,
        "change_message": "[{\"added\": {}}]"
    }
},
{
    "model": "admin.logentry",
    "pk": 6,
    "fields": {
        "action_time": "2019-02-24T03:22:39.753Z",
        "user": [
            "root"
        ],
        "content_type": [
            "memberships",
            "benefit"
        ],
        "object_id": "3",
        "object_repr": "99% up time",
        "action_flag": 1,
        "change_message": "[{\"added\": {}}]"
    }
},
{
    "model": "admin.logentry",
    "pk": 7,
    "fields": {
        "action_time": "2019-02-24T03:26:40.087Z",
        "user": [
            "root"
        ],
        "content_type": [
            "memberships",
            "benefit"
        ],
        "object_id": "4",
        "object_repr": "SSH Secured",
        "action_flag": 1,
        "change_message": "[{\"added\": {}}]"
    }
},
{
    "model": "admin.logentry",
    "pk": 8,
    "fields": {
        "action_time": "2019-02-24T03:26:51.799Z",
        "user": [
            "root"
        ],
        "content_type": [
            "memberships",
            "membership"
        ],
        "object_id": "1",
        "object_repr": "Website Hosting",
        "action_flag": 2,
        "change_message": "[{\"changed\": {\"fields\": [\"benefit\"]}}]"
    }
},
{
    "model": "admin.logentry",
    "pk": 9,
    "fields": {
        "action_time": "2019-02-24T04:45:39.575Z",
        "user": [
            "root"
        ],
        "content_type": [
            "memberships",
            "benefit"
        ],
        "object_id": "5",
        "object_repr": "100% Neurotic PPC Management",
        "action_flag": 1,
        "change_message": "[{\"added\": {}}]"
    }
},
{
    "model": "admin.logentry",
    "pk": 10,
    "fields": {
        "action_time": "2019-02-24T04:45:52.692Z",
        "user": [
            "root"
        ],
        "content_type": [
            "memberships",
            "benefit"
        ],
        "object_id": "6",
        "object_repr": "Increase Customer Base",
        "action_flag": 1,
        "change_message": "[{\"added\": {}}]"
    }
},
{
    "model": "admin.logentry",
    "pk": 11,
    "fields": {
        "action_time": "2019-02-24T04:46:22.082Z",
        "user": [
            "root"
        ],
        "content_type": [
            "memberships",
            "benefit"
        ],
        "object_id": "7",
        "object_repr": "Customized Ads",
        "action_flag": 1,
        "change_message": "[{\"added\": {}}]"
    }
},
{
    "model": "admin.logentry",
    "pk": 12,
    "fields": {
        "action_time": "2019-02-24T04:47:01.048Z",
        "user": [
            "root"
        ],
        "content_type": [
            "memberships",
            "benefit"
        ],
        "object_id": "8",
        "object_repr": "Targeted Ads",
        "action_flag": 1,
        "change_message": "[{\"added\": {}}]"
    }
},
{
    "model": "admin.logentry",
    "pk": 13,
    "fields": {
        "action_time": "2019-02-24T04:49:15.670Z",
        "user": [
            "root"
        ],
        "content_type": [
            "memberships",
            "membership"
        ],
        "object_id": "2",
        "object_repr": "PPC Advertising",
        "action_flag": 2,
        "change_message": "[{\"changed\": {\"fields\": [\"benefit\", \"description\"]}}]"
    }
},
{
    "model": "admin.logentry",
    "pk": 14,
    "fields": {
        "action_time": "2019-02-24T04:51:40.138Z",
        "user": [
            "root"
        ],
        "content_type": [
            "memberships",
            "membership"
        ],
        "object_id": "1",
        "object_repr": "Website Hosting",
        "action_flag": 2,
        "change_message": "[{\"changed\": {\"fields\": [\"description\"]}}]"
    }
},
{
    "model": "admin.logentry",
    "pk": 15,
    "fields": {
        "action_time": "2019-02-24T04:53:17.229Z",
        "user": [
            "root"
        ],
        "content_type": [
            "memberships",
            "benefit"
        ],
        "object_id": "6",
        "object_repr": "Increased Customer Base",
        "action_flag": 2,
        "change_message": "[{\"changed\": {\"fields\": [\"name\"]}}]"
    }
},
{
    "model": "admin.logentry",
    "pk": 16,
    "fields": {
        "action_time": "2019-02-24T04:53:43.739Z",
        "user": [
            "root"
        ],
        "content_type": [
            "memberships",
            "benefit"
        ],
        "object_id": "4",
        "object_repr": "SSH Sha256 Secured",
        "action_flag": 2,
        "change_message": "[{\"changed\": {\"fields\": [\"name\"]}}]"
    }
},
{
    "model": "admin.logentry",
    "pk": 17,
    "fields": {
        "action_time": "2019-02-24T04:54:02.468Z",
        "user": [
            "root"
        ],
        "content_type": [
            "memberships",
            "benefit"
        ],
        "object_id": "4",
        "object_repr": "SHA256 Secured",
        "action_flag": 2,
        "change_message": "[{\"changed\": {\"fields\": [\"name\"]}}]"
    }
},
{
    "model": "admin.logentry",
    "pk": 18,
    "fields": {
        "action_time": "2019-02-24T05:03:50.294Z",
        "user": [
            "root"
        ],
        "content_type": [
            "memberships",
            "benefit"
        ],
        "object_id": "9",
        "object_repr": "$150 in ads",
        "action_flag": 1,
        "change_message": "[{\"added\": {}}]"
    }
},
{
    "model": "admin.logentry",
    "pk": 19,
    "fields": {
        "action_time": "2019-02-24T18:19:33.079Z",
        "user": [
            "root"
        ],
        "content_type": [
            "memberships",
            "benefit"
        ],
        "object_id": "10",
        "object_repr": "Weekly Facebook Posts",
        "action_flag": 1,
        "change_message": "[{\"added\": {}}]"
    }
},
{
    "model": "admin.logentry",
    "pk": 20,
    "fields": {
        "action_time": "2019-02-24T18:19:40.740Z",
        "user": [
            "root"
        ],
        "content_type": [
            "memberships",
            "benefit"
        ],
        "object_id": "11",
        "object_repr": "Weekly Instagram Posts",
        "action_flag": 1,
        "change_message": "[{\"added\": {}}]"
    }
},
{
    "model": "admin.logentry",
    "pk": 21,
    "fields": {
        "action_time": "2019-02-24T18:20:16.266Z",
        "user": [
            "root"
        ],
        "content_type": [
            "memberships",
            "membership"
        ],
        "object_id": "3",
        "object_repr": "Digital Marketing",
        "action_flag": 1,
        "change_message": "[{\"added\": {}}]"
    }
},
{
    "model": "admin.logentry",
    "pk": 22,
    "fields": {
        "action_time": "2019-02-24T18:20:52.695Z",
        "user": [
            "root"
        ],
        "content_type": [
            "memberships",
            "membership"
        ],
        "object_id": "3",
        "object_repr": "Digital Marketing",
        "action_flag": 2,
        "change_message": "[{\"changed\": {\"fields\": [\"description\"]}}]"
    }
},
{
    "model": "admin.logentry",
    "pk": 23,
    "fields": {
        "action_time": "2019-02-24T18:21:20.279Z",
        "user": [
            "root"
        ],
        "content_type": [
            "memberships",
            "benefit"
        ],
        "object_id": "12",
        "object_repr": "Google Adwords",
        "action_flag": 1,
        "change_message": "[{\"added\": {}}]"
    }
},
{
    "model": "admin.logentry",
    "pk": 24,
    "fields": {
        "action_time": "2019-02-24T18:21:36.869Z",
        "user": [
            "root"
        ],
        "content_type": [
            "memberships",
            "benefit"
        ],
        "object_id": "13",
        "object_repr": "Instagram Ads",
        "action_flag": 1,
        "change_message": "[{\"added\": {}}]"
    }
},
{
    "model": "admin.logentry",
    "pk": 25,
    "fields": {
        "action_time": "2019-02-24T18:21:40.049Z",
        "user": [
            "root"
        ],
        "content_type": [
            "memberships",
            "membership"
        ],
        "object_id": "3",
        "object_repr": "Digital Marketing",
        "action_flag": 2,
        "change_message": "[{\"changed\": {\"fields\": [\"benefit\"]}}]"
    }
},
{
    "model": "admin.logentry",
    "pk": 26,
    "fields": {
        "action_time": "2019-02-24T18:22:35.226Z",
        "user": [
            "root"
        ],
        "content_type": [
            "memberships",
            "membership"
        ],
        "object_id": "1",
        "object_repr": "Website Hosting",
        "action_flag": 2,
        "change_message": "[{\"changed\": {\"fields\": [\"description\"]}}]"
    }
},
{
    "model": "admin.logentry",
    "pk": 27,
    "fields": {
        "action_time": "2019-02-24T18:22:45.701Z",
        "user": [
            "root"
        ],
        "content_type": [
            "memberships",
            "membership"
        ],
        "object_id": "1",
        "object_repr": "Website Hosting",
        "action_flag": 2,
        "change_message": "[{\"changed\": {\"fields\": [\"description\"]}}]"
    }
},
{
    "model": "admin.logentry",
    "pk": 28,
    "fields": {
        "action_time": "2019-02-24T18:54:29.756Z",
        "user": [
            "root"
        ],
        "content_type": [
            "memberships",
            "membership"
        ],
        "object_id": "3",
        "object_repr": "Digital Marketing",
        "action_flag": 2,
        "change_message": "[{\"changed\": {\"fields\": [\"special\"]}}]"
    }
},
{
    "model": "admin.logentry",
    "pk": 29,
    "fields": {
        "action_time": "2019-02-24T19:28:10.601Z",
        "user": [
            "root"
        ],
        "content_type": [
            "memberships",
            "membership"
        ],
        "object_id": "2",
        "object_repr": "PPC Advertising",
        "action_flag": 3,
        "change_message": ""
    }
},
{
    "model": "admin.logentry",
    "pk": 30,
    "fields": {
        "action_time": "2019-03-02T02:34:19.024Z",
        "user": [
            "root"
        ],
        "content_type": [
            "memberships",
            "invoice"
        ],
        "object_id": "d499b9b9-28c0-4a42-970c-c06fefe1c12e",
        "object_repr": "add description",
        "action_flag": 1,
        "change_message": "[{\"added\": {}}]"
    }
},
{
    "model": "admin.logentry",
    "pk": 31,
    "fields": {
        "action_time": "2019-03-02T21:08:10.932Z",
        "user": [
            "root"
        ],
        "content_type": [
            "memberships",
            "discount"
        ],
        "object_id": "1",
        "object_repr": "Payment on time (0.10)",
        "action_flag": 1,
        "change_message": "[{\"added\": {}}]"
    }
},
{
    "model": "admin.logentry",
    "pk": 32,
    "fields": {
        "action_time": "2019-03-02T21:09:43.716Z",
        "user": [
            "root"
        ],
        "content_type": [
            "memberships",
            "charge"
        ],
        "object_id": "3",
        "object_repr": "Hours Worked",
        "action_flag": 1,
        "change_message": "[{\"added\": {}}]"
    }
},
{
    "model": "admin.logentry",
    "pk": 33,
    "fields": {
        "action_time": "2019-03-02T21:10:50.268Z",
        "user": [
            "root"
        ],
        "content_type": [
            "memberships",
            "invoice"
        ],
        "object_id": "d499b9b9-28c0-4a42-970c-c06fefe1c12e",
        "object_repr": "add description",
        "action_flag": 2,
        "change_message": "[{\"changed\": {\"fields\": [\"date_due\", \"discount\", \"charge\"]}}]"
    }
},
{
    "model": "admin.logentry",
    "pk": 34,
    "fields": {
        "action_time": "2019-03-02T21:20:15.702Z",
        "user": [
            "root"
        ],
        "content_type": [
            "memberships",
            "discount"
        ],
        "object_id": "1",
        "object_repr": "Payment on time (10)",
        "action_flag": 2,
        "change_message": "[{\"changed\": {\"fields\": [\"percentage\"]}}]"
    }
},
{
    "model": "admin.logentry",
    "pk": 35,
    "fields": {
        "action_time": "2019-03-02T21:20:18.285Z",
        "user": [
            "root"
        ],
        "content_type": [
            "memberships",
            "invoice"
        ],
        "object_id": "d499b9b9-28c0-4a42-970c-c06fefe1c12e",
        "object_repr": "add description",
        "action_flag": 2,
        "change_message": "[]"
    }
},
{
    "model": "admin.logentry",
    "pk": 36,
    "fields": {
        "action_time": "2019-03-02T21:20:32.043Z",
        "user": [
            "root"
        ],
        "content_type": [
            "memberships",
            "discount"
        ],
        "object_id": "1",
        "object_repr": "Payment on time (0.1)",
        "action_flag": 2,
        "change_message": "[{\"changed\": {\"fields\": [\"percentage\"]}}]"
    }
},
{
    "model": "admin.logentry",
    "pk": 37,
    "fields": {
        "action_time": "2019-03-02T21:36:59.268Z",
        "user": [
            "root"
        ],
        "content_type": [
            "memberships",
            "charge"
        ],
        "object_id": "4",
        "object_repr": "Web server management <br> you can trus",
        "action_flag": 1,
        "change_message": "[{\"added\": {}}]"
    }
},
{
    "model": "admin.logentry",
    "pk": 38,
    "fields": {
        "action_time": "2019-03-02T21:38:47.314Z",
        "user": [
            "root"
        ],
        "content_type": [
            "memberships",
            "invoice"
        ],
        "object_id": "d499b9b9-28c0-4a42-970c-c06fefe1c12e",
        "object_repr": "add description",
        "action_flag": 2,
        "change_message": "[{\"changed\": {\"fields\": [\"charge\"]}}]"
    }
},
{
    "model": "admin.logentry",
    "pk": 39,
    "fields": {
        "action_time": "2019-03-02T21:45:24.157Z",
        "user": [
            "root"
        ],
        "content_type": [
            "memberships",
            "charge"
        ],
        "object_id": "4",
        "object_repr": "Web server management",
        "action_flag": 2,
        "change_message": "[{\"changed\": {\"fields\": [\"description\"]}}]"
    }
},
{
    "model": "admin.logentry",
    "pk": 40,
    "fields": {
        "action_time": "2019-03-03T02:01:22.808Z",
        "user": [
            "root"
        ],
        "content_type": [
            "memberships",
            "subscription"
        ],
        "object_id": "55fe06e9-5243-4c80-bdf1-fb5b9e87f8a1",
        "object_repr": "root",
        "action_flag": 3,
        "change_message": ""
    }
},
{
    "model": "admin.logentry",
    "pk": 41,
    "fields": {
        "action_time": "2019-03-03T02:02:12.518Z",
        "user": [
            "root"
        ],
        "content_type": [
            "memberships",
            "invoice"
        ],
        "object_id": "d499b9b9-28c0-4a42-970c-c06fefe1c12e",
        "object_repr": "add description",
        "action_flag": 2,
        "change_message": "[{\"changed\": {\"fields\": [\"payed\"]}}]"
    }
},
{
    "model": "admin.logentry",
    "pk": 42,
    "fields": {
        "action_time": "2019-03-03T02:07:26.970Z",
        "user": [
            "root"
        ],
        "content_type": [
            "memberships",
            "invoice"
        ],
        "object_id": "d499b9b9-28c0-4a42-970c-c06fefe1c12e",
        "object_repr": "add description",
        "action_flag": 2,
        "change_message": "[{\"changed\": {\"fields\": [\"payed\"]}}]"
    }
},
{
    "model": "admin.logentry",
    "pk": 43,
    "fields": {
        "action_time": "2019-03-03T02:08:03.344Z",
        "user": [
            "root"
        ],
        "content_type": [
            "memberships",
            "invoice"
        ],
        "object_id": "d499b9b9-28c0-4a42-970c-c06fefe1c12e",
        "object_repr": "add description",
        "action_flag": 2,
        "change_message": "[{\"changed\": {\"fields\": [\"payed\"]}}]"
    }
},
{
    "model": "admin.logentry",
    "pk": 44,
    "fields": {
        "action_time": "2019-03-03T04:20:43.798Z",
        "user": [
            "root"
        ],
        "content_type": [
            "memberships",
            "invoice"
        ],
        "object_id": "d499b9b9-28c0-4a42-970c-c06fefe1c12e",
        "object_repr": "Invoice for website",
        "action_flag": 2,
        "change_message": "[{\"changed\": {\"fields\": [\"description\"]}}]"
    }
},
{
    "model": "admin.logentry",
    "pk": 45,
    "fields": {
        "action_time": "2019-03-03T04:20:47.190Z",
        "user": [
            "root"
        ],
        "content_type": [
            "memberships",
            "invoice"
        ],
        "object_id": "d499b9b9-28c0-4a42-970c-c06fefe1c12e",
        "object_repr": "Invoice for website",
        "action_flag": 2,
        "change_message": "[{\"changed\": {\"fields\": [\"payed\"]}}]"
    }
},
{
    "model": "admin.logentry",
    "pk": 46,
    "fields": {
        "action_time": "2019-03-03T21:53:25.941Z",
        "user": [
            "root"
        ],
        "content_type": [
            "memberships",
            "membership"
        ],
        "object_id": "3",
        "object_repr": "Digital Marketing",
        "action_flag": 2,
        "change_message": "[{\"changed\": {\"fields\": [\"special\"]}}]"
    }
},
{
    "model": "admin.logentry",
    "pk": 47,
    "fields": {
        "action_time": "2019-03-03T21:54:02.330Z",
        "user": [
            "root"
        ],
        "content_type": [
            "memberships",
            "benefit"
        ],
        "object_id": "14",
        "object_repr": "Amazon CloudFront",
        "action_flag": 1,
        "change_message": "[{\"added\": {}}]"
    }
},
{
    "model": "admin.logentry",
    "pk": 48,
    "fields": {
        "action_time": "2019-03-03T21:54:04.096Z",
        "user": [
            "root"
        ],
        "content_type": [
            "memberships",
            "membership"
        ],
        "object_id": "1",
        "object_repr": "Website Hosting",
        "action_flag": 2,
        "change_message": "[{\"changed\": {\"fields\": [\"benefit\"]}}]"
    }
},
{
    "model": "admin.logentry",
    "pk": 49,
    "fields": {
        "action_time": "2019-03-09T01:05:49.447Z",
        "user": [
            "root"
        ],
        "content_type": [
            "memberships",
            "invoice"
        ],
        "object_id": "d499b9b9-28c0-4a42-970c-c06fefe1c12e",
        "object_repr": "Invoice for website",
        "action_flag": 2,
        "change_message": "[{\"changed\": {\"fields\": [\"payed\"]}}]"
    }
},
{
    "model": "wagtailcore.groupcollectionpermission",
    "pk": 1,
    "fields": {
        "group": [
            "Moderators"
        ],
        "collection": 1,
        "permission": [
            "add_image",
            "wagtailimages",
            "image"
        ]
    }
},
{
    "model": "wagtailcore.groupcollectionpermission",
    "pk": 2,
    "fields": {
        "group": [
            "Editors"
        ],
        "collection": 1,
        "permission": [
            "add_image",
            "wagtailimages",
            "image"
        ]
    }
},
{
    "model": "wagtailcore.groupcollectionpermission",
    "pk": 3,
    "fields": {
        "group": [
            "Moderators"
        ],
        "collection": 1,
        "permission": [
            "change_image",
            "wagtailimages",
            "image"
        ]
    }
},
{
    "model": "wagtailcore.groupcollectionpermission",
    "pk": 4,
    "fields": {
        "group": [
            "Editors"
        ],
        "collection": 1,
        "permission": [
            "change_image",
            "wagtailimages",
            "image"
        ]
    }
},
{
    "model": "wagtailcore.groupcollectionpermission",
    "pk": 5,
    "fields": {
        "group": [
            "Moderators"
        ],
        "collection": 1,
        "permission": [
            "add_document",
            "wagtaildocs",
            "document"
        ]
    }
},
{
    "model": "wagtailcore.groupcollectionpermission",
    "pk": 6,
    "fields": {
        "group": [
            "Editors"
        ],
        "collection": 1,
        "permission": [
            "add_document",
            "wagtaildocs",
            "document"
        ]
    }
},
{
    "model": "wagtailcore.groupcollectionpermission",
    "pk": 7,
    "fields": {
        "group": [
            "Moderators"
        ],
        "collection": 1,
        "permission": [
            "change_document",
            "wagtaildocs",
            "document"
        ]
    }
},
{
    "model": "wagtailcore.groupcollectionpermission",
    "pk": 8,
    "fields": {
        "group": [
            "Editors"
        ],
        "collection": 1,
        "permission": [
            "change_document",
            "wagtaildocs",
            "document"
        ]
    }
},
{
    "model": "wagtailcore.grouppagepermission",
    "pk": 1,
    "fields": {
        "group": [
            "Moderators"
        ],
        "page": 1,
        "permission_type": "add"
    }
},
{
    "model": "wagtailcore.grouppagepermission",
    "pk": 2,
    "fields": {
        "group": [
            "Moderators"
        ],
        "page": 1,
        "permission_type": "edit"
    }
},
{
    "model": "wagtailcore.grouppagepermission",
    "pk": 3,
    "fields": {
        "group": [
            "Moderators"
        ],
        "page": 1,
        "permission_type": "publish"
    }
},
{
    "model": "wagtailcore.grouppagepermission",
    "pk": 4,
    "fields": {
        "group": [
            "Editors"
        ],
        "page": 1,
        "permission_type": "add"
    }
},
{
    "model": "wagtailcore.grouppagepermission",
    "pk": 5,
    "fields": {
        "group": [
            "Editors"
        ],
        "page": 1,
        "permission_type": "edit"
    }
},
{
    "model": "wagtailcore.grouppagepermission",
    "pk": 6,
    "fields": {
        "group": [
            "Moderators"
        ],
        "page": 1,
        "permission_type": "lock"
    }
},
{
    "model": "wagtailcore.page",
    "pk": 1,
    "fields": {
        "path": "0001",
        "depth": 1,
        "numchild": 1,
        "title": "Root",
        "draft_title": "Root",
        "slug": "root",
        "content_type": [
            "wagtailcore",
            "page"
        ],
        "live": true,
        "has_unpublished_changes": false,
        "url_path": "/",
        "owner": null,
        "seo_title": "",
        "show_in_menus": false,
        "search_description": "",
        "go_live_at": null,
        "expire_at": null,
        "expired": false,
        "locked": false,
        "first_published_at": null,
        "last_published_at": null,
        "latest_revision_created_at": null,
        "live_revision": null
    }
},
{
    "model": "wagtailcore.page",
    "pk": 3,
    "fields": {
        "path": "00010001",
        "depth": 2,
        "numchild": 2,
        "title": "Mod Technologies | Digital Marketing Agency | Northville, MI",
        "draft_title": "Mod Technologies | Digital Marketing Agency | Northville, MI",
        "slug": "home",
        "content_type": [
            "home",
            "homepage"
        ],
        "live": true,
        "has_unpublished_changes": false,
        "url_path": "/home/",
        "owner": [
            "root"
        ],
        "seo_title": "",
        "show_in_menus": false,
        "search_description": "",
        "go_live_at": null,
        "expire_at": null,
        "expired": false,
        "locked": false,
        "first_published_at": "2019-02-15T00:35:21.701Z",
        "last_published_at": "2019-03-03T21:37:13.063Z",
        "latest_revision_created_at": "2019-03-03T21:37:13.012Z",
        "live_revision": 35
    }
},
{
    "model": "wagtailcore.page",
    "pk": 4,
    "fields": {
        "path": "000100010001",
        "depth": 3,
        "numchild": 2,
        "title": "Project Page",
        "draft_title": "Project Page",
        "slug": "projects",
        "content_type": [
            "project",
            "projectindexpage"
        ],
        "live": true,
        "has_unpublished_changes": false,
        "url_path": "/home/projects/",
        "owner": [
            "root"
        ],
        "seo_title": "",
        "show_in_menus": false,
        "search_description": "",
        "go_live_at": null,
        "expire_at": null,
        "expired": false,
        "locked": false,
        "first_published_at": "2019-02-19T00:22:30.084Z",
        "last_published_at": "2019-02-19T02:19:02.872Z",
        "latest_revision_created_at": "2019-02-19T02:19:02.814Z",
        "live_revision": 16
    }
},
{
    "model": "wagtailcore.page",
    "pk": 5,
    "fields": {
        "path": "0001000100010001",
        "depth": 4,
        "numchild": 0,
        "title": "Lexington Landscapes",
        "draft_title": "Lexington Landscapes",
        "slug": "lexington-landscapes",
        "content_type": [
            "project",
            "projectpage"
        ],
        "live": true,
        "has_unpublished_changes": false,
        "url_path": "/home/projects/lexington-landscapes/",
        "owner": [
            "root"
        ],
        "seo_title": "",
        "show_in_menus": false,
        "search_description": "",
        "go_live_at": null,
        "expire_at": null,
        "expired": false,
        "locked": false,
        "first_published_at": "2019-02-19T00:23:30.522Z",
        "last_published_at": "2019-02-23T20:39:46.340Z",
        "latest_revision_created_at": "2019-02-23T20:39:46.253Z",
        "live_revision": 34
    }
},
{
    "model": "wagtailcore.page",
    "pk": 6,
    "fields": {
        "path": "0001000100010002",
        "depth": 4,
        "numchild": 0,
        "title": "Stemletics",
        "draft_title": "Stemletics",
        "slug": "stemletics",
        "content_type": [
            "project",
            "projectpage"
        ],
        "live": true,
        "has_unpublished_changes": false,
        "url_path": "/home/projects/stemletics/",
        "owner": [
            "root"
        ],
        "seo_title": "",
        "show_in_menus": false,
        "search_description": "",
        "go_live_at": null,
        "expire_at": null,
        "expired": false,
        "locked": false,
        "first_published_at": "2019-02-20T01:27:48.868Z",
        "last_published_at": "2019-03-10T02:40:15.299Z",
        "latest_revision_created_at": "2019-03-10T02:40:15.254Z",
        "live_revision": 36
    }
},
{
    "model": "wagtailcore.page",
    "pk": 7,
    "fields": {
        "path": "000100010002",
        "depth": 3,
        "numchild": 0,
        "title": "Contact Page",
        "draft_title": "Contact Page",
        "slug": "contact",
        "content_type": [
            "home",
            "formpage"
        ],
        "live": true,
        "has_unpublished_changes": false,
        "url_path": "/home/contact/",
        "owner": [
            "root"
        ],
        "seo_title": "",
        "show_in_menus": false,
        "search_description": "",
        "go_live_at": null,
        "expire_at": null,
        "expired": false,
        "locked": false,
        "first_published_at": "2019-02-23T00:04:17.300Z",
        "last_published_at": "2019-02-23T05:05:44.812Z",
        "latest_revision_created_at": "2019-02-23T05:05:44.750Z",
        "live_revision": 31
    }
},
{
    "model": "home.formpage",
    "pk": 7,
    "fields": {
        "to_address": "",
        "from_address": "26300 johns rd",
        "subject": "Contact Request - Mod Technologies",
        "intro": "<p><b>Let\u2019s</b> <a href=\"http://127.0.0.1:8000/contact/#project\"><b>start a project</b></a> <b>together.</b><br/><b>Say</b> <a href=\"mailto:hello@modwebservices.com\"><b>hello@modwebservices.com</b></a></p>",
        "body": "<p></p>",
        "address": "<p>26300 Johns rd,<br/>South Lyon, MI 48178</p>",
        "thank_you_text": "<p>We should be hearing from us within 48 hours! Have a great day :)</p>",
        "thank_you_page": null
    }
},
{
    "model": "home.homepage",
    "pk": 3,
    "fields": {
        "firstheader": "We Build Web Applications.",
        "firstbody": "Real-time information and tools for businesses of all kinds.  Learn from the best and improve you",
        "registerbuttonurl": "",
        "secondheader": "<p></p>",
        "secondbody": "<p></p>"
    }
}
]
