[
{
    "model": "home.formfield",
    "pk": 1,
    "fields": {
        "sort_order": 0,
        "label": "First name",
        "field_type": "singleline",
        "required": true,
        "choices": "",
        "default_value": "",
        "help_text": "First name",
        "page": 5
    }
},
{
    "model": "home.formfield",
    "pk": 2,
    "fields": {
        "sort_order": 1,
        "label": "Last name",
        "field_type": "singleline",
        "required": true,
        "choices": "",
        "default_value": "",
        "help_text": "Last name",
        "page": 5
    }
},
{
    "model": "home.formfield",
    "pk": 3,
    "fields": {
        "sort_order": 2,
        "label": "Email",
        "field_type": "email",
        "required": true,
        "choices": "",
        "default_value": "",
        "help_text": "Email",
        "page": 5
    }
},
{
    "model": "home.formfield",
    "pk": 4,
    "fields": {
        "sort_order": 3,
        "label": "Phone number",
        "field_type": "singleline",
        "required": true,
        "choices": "",
        "default_value": "",
        "help_text": "Please enter a phone number",
        "page": 5
    }
},
{
    "model": "home.formfield",
    "pk": 5,
    "fields": {
        "sort_order": 4,
        "label": "How can we help you?",
        "field_type": "multiline",
        "required": true,
        "choices": "",
        "default_value": "",
        "help_text": "How can we help you",
        "page": 5
    }
},
{
    "model": "home.jobfield",
    "pk": 1,
    "fields": {
        "sort_order": 0,
        "label": "First Name",
        "field_type": "singleline",
        "required": true,
        "choices": "",
        "default_value": "",
        "help_text": "",
        "page": 21
    }
},
{
    "model": "home.jobfield",
    "pk": 2,
    "fields": {
        "sort_order": 1,
        "label": "Last Name",
        "field_type": "singleline",
        "required": true,
        "choices": "",
        "default_value": "",
        "help_text": "",
        "page": 21
    }
},
{
    "model": "home.jobfield",
    "pk": 3,
    "fields": {
        "sort_order": 2,
        "label": "Email",
        "field_type": "email",
        "required": true,
        "choices": "",
        "default_value": "",
        "help_text": "",
        "page": 21
    }
},
{
    "model": "home.jobfield",
    "pk": 4,
    "fields": {
        "sort_order": 3,
        "label": "Phone",
        "field_type": "singleline",
        "required": true,
        "choices": "",
        "default_value": "",
        "help_text": "",
        "page": 21
    }
},
{
    "model": "home.jobfield",
    "pk": 5,
    "fields": {
        "sort_order": 4,
        "label": "Disclaimer",
        "field_type": "checkbox",
        "required": true,
        "choices": "",
        "default_value": "",
        "help_text": "",
        "page": 21
    }
},
{
    "model": "wagtailforms.formsubmission",
    "pk": 1,
    "fields": {
        "form_data": "{\"how-can-we-help-you\": \"erer\", \"email\": \"er@gmail.com\", \"first-name\": \"erer\", \"phone-number\": \"er\", \"last-name\": \"erer\"}",
        "page": 5,
        "submit_time": "2018-10-24T17:17:58.078Z"
    }
},
{
    "model": "wagtailforms.formsubmission",
    "pk": 2,
    "fields": {
        "form_data": "{\"first-name\": \"Dominic\", \"email\": \"dominicmazzola@gmail.com\", \"how-can-we-help-you\": \"red\", \"last-name\": \"Mazzola\", \"phone-number\": \"7347881003\"}",
        "page": 5,
        "submit_time": "2019-01-20T21:48:34.986Z"
    }
},
{
    "model": "wagtailforms.formsubmission",
    "pk": 3,
    "fields": {
        "form_data": "{\"first-name\": \"Dominic\", \"email\": \"dominicmazzola@gmail.com\", \"how-can-we-help-you\": \"red\", \"last-name\": \"Mazzola\", \"phone-number\": \"7347881003\"}",
        "page": 5,
        "submit_time": "2019-01-20T21:49:05.983Z"
    }
},
{
    "model": "wagtailforms.formsubmission",
    "pk": 4,
    "fields": {
        "form_data": "{\"first-name\": \"Dominic\", \"email\": \"dominicmazzola@gmail.com\", \"how-can-we-help-you\": \"red\", \"last-name\": \"Mazzola\", \"phone-number\": \"7347881003\"}",
        "page": 5,
        "submit_time": "2019-01-20T21:49:44.907Z"
    }
},
{
    "model": "wagtailforms.formsubmission",
    "pk": 5,
    "fields": {
        "form_data": "{\"first-name\": \"Dominic\", \"email\": \"dominicmazzola@gmail.com\", \"how-can-we-help-you\": \"red\", \"last-name\": \"Mazzola\", \"phone-number\": \"7347881003\"}",
        "page": 5,
        "submit_time": "2019-01-20T21:50:07.409Z"
    }
},
{
    "model": "wagtailimages.rendition",
    "pk": 1,
    "fields": {
        "filter_spec": "max-165x165",
        "file": "images/2018-6-8-Summer-Camp2.max-165x165.jpg",
        "width": 112,
        "height": 165,
        "focal_point_key": "",
        "image": 1
    }
},
{
    "model": "wagtailimages.rendition",
    "pk": 2,
    "fields": {
        "filter_spec": "width-1000",
        "file": "images/2018-6-8-Summer-Camp2.width-1000.jpg",
        "width": 1000,
        "height": 1470,
        "focal_point_key": "",
        "image": 1
    }
},
{
    "model": "wagtailsearch.query",
    "pk": 1,
    "fields": {
        "query_string": "course"
    }
},
{
    "model": "wagtailsearch.querydailyhits",
    "pk": 1,
    "fields": {
        "query": 1,
        "date": "2019-01-20",
        "hits": 1
    }
},
{
    "model": "wagtailcore.collection",
    "pk": 1,
    "fields": {
        "path": "0001",
        "depth": 1,
        "numchild": 0,
        "name": "Root"
    }
},
{
    "model": "auth.group",
    "pk": 1,
    "fields": {
        "name": "Moderators",
        "permissions": [
            [
                "access_admin",
                "wagtailadmin",
                "admin"
            ],
            [
                "add_document",
                "wagtaildocs",
                "document"
            ],
            [
                "change_document",
                "wagtaildocs",
                "document"
            ],
            [
                "delete_document",
                "wagtaildocs",
                "document"
            ],
            [
                "add_image",
                "wagtailimages",
                "image"
            ],
            [
                "change_image",
                "wagtailimages",
                "image"
            ],
            [
                "delete_image",
                "wagtailimages",
                "image"
            ]
        ]
    }
},
{
    "model": "auth.group",
    "pk": 2,
    "fields": {
        "name": "Editors",
        "permissions": [
            [
                "access_admin",
                "wagtailadmin",
                "admin"
            ],
            [
                "add_document",
                "wagtaildocs",
                "document"
            ],
            [
                "change_document",
                "wagtaildocs",
                "document"
            ],
            [
                "delete_document",
                "wagtaildocs",
                "document"
            ],
            [
                "add_image",
                "wagtailimages",
                "image"
            ],
            [
                "change_image",
                "wagtailimages",
                "image"
            ],
            [
                "delete_image",
                "wagtailimages",
                "image"
            ]
        ]
    }
},
{
    "model": "auth.group",
    "pk": 3,
    "fields": {
        "name": "Basic",
        "permissions": []
    }
},
{
    "model": "auth.group",
    "pk": 4,
    "fields": {
        "name": "Premium",
        "permissions": []
    }
},
{
    "model": "auth.group",
    "pk": 5,
    "fields": {
        "name": "Organization",
        "permissions": []
    }
},
{
    "model": "sites.site",
    "pk": 1,
    "fields": {
        "domain": "example.com",
        "name": "example.com"
    }
},
{
    "model": "users.user",
    "pk": 1,
    "fields": {
        "password": "pbkdf2_sha256$100000$2S8rcjrRsnWr$M1aO+lSd57+cwQ7jHY4dO50q9lHumyZyZF9JWKeY610=",
        "last_login": null,
        "is_superuser": true,
        "username": "root",
        "first_name": "",
        "last_name": "",
        "email": "",
        "is_staff": true,
        "is_active": true,
        "date_joined": "2018-10-18T00:31:26.180Z",
        "name": "",
        "groups": [],
        "user_permissions": []
    }
},
{
    "model": "users.user",
    "pk": 2,
    "fields": {
        "password": "pbkdf2_sha256$100000$mzzmeOz2vASo$Xlbz8dqeEbNYLf3GeQb4+K4qqhzXlyVCeTzuTm9iYqk=",
        "last_login": "2019-01-28T23:22:23.047Z",
        "is_superuser": true,
        "username": "dominicmazzola@gmail.com",
        "first_name": "Dominic",
        "last_name": "Mazzola",
        "email": "dominicmazzola@gmail.com",
        "is_staff": true,
        "is_active": true,
        "date_joined": "2018-10-18T00:31:47Z",
        "name": "",
        "groups": [],
        "user_permissions": []
    }
},
{
    "model": "users.user",
    "pk": 3,
    "fields": {
        "password": "pbkdf2_sha256$100000$EPDfN3YZPBdG$j0rbXLRy7hSotov3uAqQjt4eU2YQDA0JDBfFk/mjnxM=",
        "last_login": "2018-10-19T05:55:11.812Z",
        "is_superuser": false,
        "username": "testuser",
        "first_name": "Dominic",
        "last_name": "Mazzola",
        "email": "dominicmazzola@gmail.com",
        "is_staff": false,
        "is_active": true,
        "date_joined": "2018-10-18T14:44:50Z",
        "name": "Dominic C Mazzola",
        "groups": [
            [
                "Basic"
            ]
        ],
        "user_permissions": []
    }
},
{
    "model": "users.user",
    "pk": 4,
    "fields": {
        "password": "pbkdf2_sha256$100000$WOlZDlawFwW6$v05C1LUEoQ13rnVtjzMeUjQ3v1cMajuhXaFe3gUMR2I=",
        "last_login": "2018-10-19T05:59:34.405Z",
        "is_superuser": false,
        "username": "user1",
        "first_name": "",
        "last_name": "",
        "email": "dm@gmail.com",
        "is_staff": false,
        "is_active": true,
        "date_joined": "2018-10-19T05:59:33.642Z",
        "name": "",
        "groups": [
            [
                "Editors"
            ]
        ],
        "user_permissions": []
    }
},
{
    "model": "users.user",
    "pk": 5,
    "fields": {
        "password": "pbkdf2_sha256$100000$CRokO684Rq9H$IOAURNoPyECdu4lwWWvhrReVb90IrrWSqzLHXN9nL3E=",
        "last_login": "2018-10-19T06:04:09.429Z",
        "is_superuser": false,
        "username": "user2",
        "first_name": "wqewq",
        "last_name": "qewqe",
        "email": "re@gmail.co",
        "is_staff": false,
        "is_active": true,
        "date_joined": "2018-10-19T06:01:45.727Z",
        "name": "",
        "groups": [
            [
                "Basic"
            ]
        ],
        "user_permissions": []
    }
},
{
    "model": "users.user",
    "pk": 6,
    "fields": {
        "password": "pbkdf2_sha256$100000$I49HY3dJM04X$kD81Ww7MmKgaOwN135uRXo7yKRzWgqJvCQT46Lnb/vI=",
        "last_login": "2018-10-19T06:19:27.878Z",
        "is_superuser": false,
        "username": "user3",
        "first_name": "",
        "last_name": "",
        "email": "user@gmail.com",
        "is_staff": false,
        "is_active": true,
        "date_joined": "2018-10-19T06:19:27.089Z",
        "name": "",
        "groups": [
            [
                "Basic"
            ]
        ],
        "user_permissions": []
    }
},
{
    "model": "users.user",
    "pk": 7,
    "fields": {
        "password": "pbkdf2_sha256$100000$WuiKMhzuS7OL$a+6j6Udv/+iH9hP15fnKhlLoRfj6v/+mnynaxp+BlSc=",
        "last_login": "2018-10-19T06:34:31.829Z",
        "is_superuser": false,
        "username": "user4",
        "first_name": "",
        "last_name": "",
        "email": "user4@gmail.com",
        "is_staff": false,
        "is_active": true,
        "date_joined": "2018-10-19T06:32:50.385Z",
        "name": "",
        "groups": [
            [
                "Basic"
            ]
        ],
        "user_permissions": []
    }
},
{
    "model": "users.user",
    "pk": 8,
    "fields": {
        "password": "pbkdf2_sha256$100000$KMDrPhwHVU6c$CDTJDjHU98GBP31Ls9PW4ilH8hzkz4+cJwdSQvUyBJI=",
        "last_login": "2018-10-19T06:36:32.171Z",
        "is_superuser": false,
        "username": "user5",
        "first_name": "",
        "last_name": "",
        "email": "user5@gmail.com",
        "is_staff": false,
        "is_active": true,
        "date_joined": "2018-10-19T06:36:31.398Z",
        "name": "",
        "groups": [
            [
                "Organization"
            ]
        ],
        "user_permissions": []
    }
},
{
    "model": "users.user",
    "pk": 9,
    "fields": {
        "password": "pbkdf2_sha256$100000$sn5vKLANJV8F$S+QldblJAg3RYmWSfU55yL86JdNYLAMsv5WdjHqdms0=",
        "last_login": "2018-10-19T20:28:30.462Z",
        "is_superuser": false,
        "username": "mckendry",
        "first_name": "",
        "last_name": "",
        "email": "mc@gmail.com",
        "is_staff": false,
        "is_active": true,
        "date_joined": "2018-10-19T20:28:29.132Z",
        "name": "",
        "groups": [
            [
                "Basic"
            ]
        ],
        "user_permissions": []
    }
},
{
    "model": "users.user",
    "pk": 10,
    "fields": {
        "password": "pbkdf2_sha256$100000$jHGiecxdQWBl$sSCmvjXgudiPzthnzFvejBLeLHZcdvf7KWCBaw/AzJs=",
        "last_login": "2018-10-21T19:11:29.263Z",
        "is_superuser": false,
        "username": "dom2",
        "first_name": "",
        "last_name": "",
        "email": "dom2@gmail.com",
        "is_staff": false,
        "is_active": true,
        "date_joined": "2018-10-21T19:11:24.744Z",
        "name": "",
        "groups": [],
        "user_permissions": []
    }
},
{
    "model": "users.user",
    "pk": 11,
    "fields": {
        "password": "pbkdf2_sha256$100000$yKxS9DBHImSy$XDTynxVLpZaqQhnpr5F+SpH6cW8gkWsJrSe3xKyl9L4=",
        "last_login": "2018-10-21T19:11:45.713Z",
        "is_superuser": false,
        "username": "dom3",
        "first_name": "",
        "last_name": "",
        "email": "do2222@gmail.com",
        "is_staff": false,
        "is_active": true,
        "date_joined": "2018-10-21T19:11:44.921Z",
        "name": "",
        "groups": [],
        "user_permissions": []
    }
},
{
    "model": "users.user",
    "pk": 12,
    "fields": {
        "password": "pbkdf2_sha256$100000$uPpvVCsnArXH$KkHoXjLOEoso7wSk/a/g6PJLhN5In8kwuO19jgLtHSA=",
        "last_login": "2018-10-23T16:52:02.448Z",
        "is_superuser": false,
        "username": "deek",
        "first_name": "",
        "last_name": "",
        "email": "mazzola@umich.edu",
        "is_staff": false,
        "is_active": true,
        "date_joined": "2018-10-23T16:52:01.363Z",
        "name": "",
        "groups": [
            [
                "Basic"
            ]
        ],
        "user_permissions": []
    }
},
{
    "model": "users.user",
    "pk": 13,
    "fields": {
        "password": "pbkdf2_sha256$100000$6qkilZxK90ZB$n7npOSopEkVzJZBgdtiIpMHOldhYY1hQ6uGZvNEwsJY=",
        "last_login": "2019-01-20T15:56:00.221Z",
        "is_superuser": false,
        "username": "tim",
        "first_name": "",
        "last_name": "",
        "email": "tim2123@gmail.com",
        "is_staff": false,
        "is_active": true,
        "date_joined": "2018-11-03T17:13:40.029Z",
        "name": "",
        "groups": [],
        "user_permissions": []
    }
},
{
    "model": "users.user",
    "pk": 14,
    "fields": {
        "password": "pbkdf2_sha256$100000$KHURf4yPwFon$E/gRikvJquyj3UbDnX2+8M84r2Fil3jvwuR1mmHaCdE=",
        "last_login": "2018-11-03T17:18:56.451Z",
        "is_superuser": false,
        "username": "fae",
        "first_name": "",
        "last_name": "",
        "email": "fake@gmail.com",
        "is_staff": false,
        "is_active": true,
        "date_joined": "2018-11-03T17:18:54.981Z",
        "name": "",
        "groups": [],
        "user_permissions": []
    }
},
{
    "model": "users.user",
    "pk": 15,
    "fields": {
        "password": "pbkdf2_sha256$100000$YAzm6cSnsZz5$hx4WJjqG1x2mHIPFvBdtRQwb7ZKv/EYyGNnmw4Ffn+k=",
        "last_login": null,
        "is_superuser": false,
        "username": "fake2",
        "first_name": "",
        "last_name": "",
        "email": "fake2@gmai.com",
        "is_staff": false,
        "is_active": true,
        "date_joined": "2018-11-03T17:21:15.901Z",
        "name": "",
        "groups": [],
        "user_permissions": []
    }
},
{
    "model": "users.user",
    "pk": 16,
    "fields": {
        "password": "pbkdf2_sha256$100000$cFlBwTAcJfyX$bNuurkwNalJxhfCkyPfk6U9ty6J6V317qWhQOSmooFU=",
        "last_login": "2018-11-03T17:21:53.823Z",
        "is_superuser": false,
        "username": "fake223",
        "first_name": "",
        "last_name": "",
        "email": "f23ake2@gmai.com",
        "is_staff": false,
        "is_active": true,
        "date_joined": "2018-11-03T17:21:52.346Z",
        "name": "",
        "groups": [],
        "user_permissions": []
    }
},
{
    "model": "users.user",
    "pk": 17,
    "fields": {
        "password": "pbkdf2_sha256$100000$piS7bwuCi7bF$oeNNhgx33N1taa5vYV6tLOVZ00+XQHK1J39gKTXzdyo=",
        "last_login": "2018-11-03T17:22:05.073Z",
        "is_superuser": false,
        "username": "f2ake223",
        "first_name": "",
        "last_name": "",
        "email": "f23ak2e2@gmai.com",
        "is_staff": false,
        "is_active": true,
        "date_joined": "2018-11-03T17:22:03.547Z",
        "name": "",
        "groups": [],
        "user_permissions": []
    }
},
{
    "model": "users.user",
    "pk": 18,
    "fields": {
        "password": "pbkdf2_sha256$100000$Lm1FGkQn2vPe$2zl5wphoD/302miJo76RXdMgfJD1H2UV6a4PeBWqO9g=",
        "last_login": "2018-11-03T17:22:16.343Z",
        "is_superuser": false,
        "username": "f2ake223okay",
        "first_name": "",
        "last_name": "",
        "email": "kay@gmail.com",
        "is_staff": false,
        "is_active": true,
        "date_joined": "2018-11-03T17:22:14.893Z",
        "name": "",
        "groups": [],
        "user_permissions": []
    }
},
{
    "model": "users.user",
    "pk": 19,
    "fields": {
        "password": "pbkdf2_sha256$100000$wu4jq3EmGcXy$l8YuVlR2L7C513YztXo9WYy3aaOxUrO9zSReSBsYN5w=",
        "last_login": "2018-11-06T00:35:46.059Z",
        "is_superuser": false,
        "username": "testaccount",
        "first_name": "",
        "last_name": "",
        "email": "test222@gmail.com",
        "is_staff": false,
        "is_active": true,
        "date_joined": "2018-11-06T00:35:44.425Z",
        "name": "",
        "groups": [],
        "user_permissions": []
    }
},
{
    "model": "users.user",
    "pk": 20,
    "fields": {
        "password": "pbkdf2_sha256$100000$TywOjek4n69v$iQvhsPr2HH9cbL5c8YeQkPhSdDlMqR2z1Vc7+otaXBE=",
        "last_login": "2018-11-06T00:36:27.181Z",
        "is_superuser": false,
        "username": "bob",
        "first_name": "",
        "last_name": "",
        "email": "bob@gmail.com",
        "is_staff": false,
        "is_active": true,
        "date_joined": "2018-11-06T00:36:24.693Z",
        "name": "",
        "groups": [],
        "user_permissions": []
    }
},
{
    "model": "users.user",
    "pk": 21,
    "fields": {
        "password": "pbkdf2_sha256$100000$mx05izyLvqRt$eY27Mt5MO16UXUwA7VPNBxC6M7Lfc4yHYp66QjyLGKA=",
        "last_login": "2018-11-06T00:36:44.450Z",
        "is_superuser": false,
        "username": "bobbob",
        "first_name": "",
        "last_name": "",
        "email": "bob3@gmail.com",
        "is_staff": false,
        "is_active": true,
        "date_joined": "2018-11-06T00:36:42.901Z",
        "name": "",
        "groups": [],
        "user_permissions": []
    }
},
{
    "model": "users.user",
    "pk": 22,
    "fields": {
        "password": "pbkdf2_sha256$100000$p9trFfOvik6t$paSpP1LAUaB4meefv3x5e9t5etzB0fChE5J33tBknb8=",
        "last_login": "2018-11-06T22:32:11.079Z",
        "is_superuser": false,
        "username": "varun",
        "first_name": "",
        "last_name": "",
        "email": "varun2@Gmail.com",
        "is_staff": false,
        "is_active": true,
        "date_joined": "2018-11-06T22:32:09.487Z",
        "name": "",
        "groups": [],
        "user_permissions": []
    }
},
{
    "model": "users.user",
    "pk": 23,
    "fields": {
        "password": "pbkdf2_sha256$100000$HF7cWBgNoOsG$HYlIYIXXPP85hdsi/2uFWLp65wVZNABa0ae/pXnJcJs=",
        "last_login": "2018-11-06T22:32:25.605Z",
        "is_superuser": false,
        "username": "VarunJ",
        "first_name": "",
        "last_name": "",
        "email": "varunJ@Gmail.com",
        "is_staff": false,
        "is_active": true,
        "date_joined": "2018-11-06T22:32:24.127Z",
        "name": "",
        "groups": [],
        "user_permissions": []
    }
},
{
    "model": "users.user",
    "pk": 24,
    "fields": {
        "password": "pbkdf2_sha256$100000$e6xJklKIyCmf$vzrUb2yOwQyfZvx3lajeMmBcdHLUoJULbirKhwzReD8=",
        "last_login": "2018-11-08T01:11:12.156Z",
        "is_superuser": false,
        "username": "MacDaddy",
        "first_name": "",
        "last_name": "",
        "email": "evansmckendry@gmail.com",
        "is_staff": false,
        "is_active": true,
        "date_joined": "2018-11-08T01:11:10.214Z",
        "name": "",
        "groups": [],
        "user_permissions": []
    }
},
{
    "model": "users.user",
    "pk": 25,
    "fields": {
        "password": "pbkdf2_sha256$100000$MWfW12Sfd61O$ME18ZcmEV+OYgCJjY6B3HsbAfolt2UnEvt3a75kDopQ=",
        "last_login": null,
        "is_superuser": false,
        "username": "jonbanch",
        "first_name": "",
        "last_name": "",
        "email": "jon@gmail.com",
        "is_staff": false,
        "is_active": true,
        "date_joined": "2018-11-10T21:24:38.445Z",
        "name": "",
        "groups": [],
        "user_permissions": []
    }
},
{
    "model": "users.user",
    "pk": 26,
    "fields": {
        "password": "pbkdf2_sha256$100000$Z7YGbm5Y1DJF$rXL9j+EzV2+34shbH9YrtQs2WGyjmbgWzzBIg8/SB3I=",
        "last_login": null,
        "is_superuser": false,
        "username": "dominicm",
        "first_name": "",
        "last_name": "",
        "email": "dominicm@gmail.com",
        "is_staff": false,
        "is_active": true,
        "date_joined": "2018-11-10T21:25:10.620Z",
        "name": "",
        "groups": [],
        "user_permissions": []
    }
},
{
    "model": "users.user",
    "pk": 27,
    "fields": {
        "password": "pbkdf2_sha256$100000$aExYCx5Vr1oS$JiLBbPahszmlZ2sJd5xQKILf9QQnTKLsQUtEtc9Vyqk=",
        "last_login": "2018-11-11T15:55:40.451Z",
        "is_superuser": false,
        "username": "stemletics",
        "first_name": "",
        "last_name": "",
        "email": "stem@gmail.com",
        "is_staff": false,
        "is_active": true,
        "date_joined": "2018-11-10T21:31:36.338Z",
        "name": "",
        "groups": [],
        "user_permissions": []
    }
},
{
    "model": "users.user",
    "pk": 28,
    "fields": {
        "password": "pbkdf2_sha256$100000$rDoehJ1JqR0s$SqFKgp+r19YFD2M+Ap50X0zBUIMgta0DWlC/AJ3gdCg=",
        "last_login": "2018-11-12T20:52:12.231Z",
        "is_superuser": false,
        "username": "gogle",
        "first_name": "",
        "last_name": "",
        "email": "google@gmail.com",
        "is_staff": false,
        "is_active": true,
        "date_joined": "2018-11-12T20:25:07.075Z",
        "name": "",
        "groups": [],
        "user_permissions": []
    }
},
{
    "model": "users.user",
    "pk": 29,
    "fields": {
        "password": "pbkdf2_sha256$100000$HDsphjaJsrcu$QqWiRSkKk/2Fa/jxSOpEkzj6ZkbRu/hsc/IyQZ/T1X0=",
        "last_login": "2018-11-17T14:32:28.430Z",
        "is_superuser": false,
        "username": "zeta",
        "first_name": "",
        "last_name": "",
        "email": "zeta@gmail.com",
        "is_staff": false,
        "is_active": true,
        "date_joined": "2018-11-13T04:05:11.951Z",
        "name": "",
        "groups": [],
        "user_permissions": []
    }
},
{
    "model": "users.user",
    "pk": 30,
    "fields": {
        "password": "!tss7Aam5VC7BHtcCwozTJh0jV73v8rRo9pVIDFlP",
        "last_login": null,
        "is_superuser": false,
        "username": "AnonymousUser",
        "first_name": "",
        "last_name": "",
        "email": "",
        "is_staff": false,
        "is_active": true,
        "date_joined": "2018-11-15T19:44:24.159Z",
        "name": "",
        "groups": [],
        "user_permissions": []
    }
},
{
    "model": "users.user",
    "pk": 31,
    "fields": {
        "password": "pbkdf2_sha256$100000$3h7Z0pU9Hbla$9cdjXU7pzvXCVxW7Qd6A1myyP9KwrtVJ5SFPUV/+/F8=",
        "last_login": "2018-11-23T00:52:16.063Z",
        "is_superuser": false,
        "username": "turkey",
        "first_name": "",
        "last_name": "",
        "email": "turkey@gmail.com",
        "is_staff": false,
        "is_active": true,
        "date_joined": "2018-11-23T00:52:14.831Z",
        "name": "",
        "groups": [],
        "user_permissions": []
    }
},
{
    "model": "users.user",
    "pk": 32,
    "fields": {
        "password": "pbkdf2_sha256$100000$99HVpmaTuuv8$6tZdM+6iRhWso7OVQrwYRoZkP/LgkIXHthwx06V6Cfs=",
        "last_login": "2018-11-25T02:37:06.944Z",
        "is_superuser": false,
        "username": "another",
        "first_name": "",
        "last_name": "",
        "email": "another@gmail.com",
        "is_staff": false,
        "is_active": true,
        "date_joined": "2018-11-25T01:17:32.233Z",
        "name": "",
        "groups": [],
        "user_permissions": []
    }
},
{
    "model": "users.user",
    "pk": 33,
    "fields": {
        "password": "pbkdf2_sha256$100000$Sal21oKHkMfC$wuSwzO6a6NLuwq1NWKaHDW5njMyp7DuFmTlcApJcXAI=",
        "last_login": "2018-11-25T04:02:19.025Z",
        "is_superuser": false,
        "username": "evan2235234",
        "first_name": "evan",
        "last_name": "rob",
        "email": "evan@gmail.com",
        "is_staff": false,
        "is_active": true,
        "date_joined": "2018-11-25T04:02:17.787Z",
        "name": "",
        "groups": [],
        "user_permissions": []
    }
},
{
    "model": "users.user",
    "pk": 34,
    "fields": {
        "password": "pbkdf2_sha256$100000$iN0bhB101CCS$I7l4NT+amQxyOGqT2p5tu25ghOlN8Y1tBIDLVgyjnW0=",
        "last_login": "2019-01-06T00:22:10.719Z",
        "is_superuser": false,
        "username": "kirkland2",
        "first_name": "",
        "last_name": "",
        "email": "domi22@gmail.com",
        "is_staff": false,
        "is_active": true,
        "date_joined": "2019-01-06T00:22:09.363Z",
        "name": "",
        "groups": [],
        "user_permissions": []
    }
},
{
    "model": "users.user",
    "pk": 36,
    "fields": {
        "password": "pbkdf2_sha256$100000$sMNyAZn6O8ds$Qg/XIpwG03nTriay2TxQz3lsjdxCLf0B7cbljyG/VXA=",
        "last_login": "2019-01-12T20:07:39.529Z",
        "is_superuser": false,
        "username": "jon232",
        "first_name": "",
        "last_name": "",
        "email": "jon222@gmail.com",
        "is_staff": false,
        "is_active": true,
        "date_joined": "2019-01-12T20:07:38.145Z",
        "name": "",
        "groups": [],
        "user_permissions": []
    }
},
{
    "model": "users.user",
    "pk": 37,
    "fields": {
        "password": "pbkdf2_sha256$100000$asw7qeb8jMq3$PRT6I9U0Sq75wMubHlZ7g5/eudLUA7WobrhUxA5LQXo=",
        "last_login": "2019-01-12T21:42:04.239Z",
        "is_superuser": false,
        "username": "stemletics16",
        "first_name": "",
        "last_name": "",
        "email": "jblanchard@stemletics.com",
        "is_staff": false,
        "is_active": true,
        "date_joined": "2019-01-12T21:40:49.552Z",
        "name": "",
        "groups": [],
        "user_permissions": []
    }
},
{
    "model": "users.profile",
    "pk": 2,
    "fields": {
        "user": [
            "dominicmazzola@gmail.com"
        ],
        "school": "Kettering University",
        "image": "2019-01-27_004330.4486510000",
        "enrolled": [
            1,
            10
        ]
    }
},
{
    "model": "users.profile",
    "pk": 3,
    "fields": {
        "user": [
            "testuser"
        ],
        "school": "Stemletics University",
        "image": "robobud_pFnAB68.jpg",
        "enrolled": []
    }
},
{
    "model": "users.profile",
    "pk": 4,
    "fields": {
        "user": [
            "user1"
        ],
        "school": "Stemletics University",
        "image": "",
        "enrolled": []
    }
},
{
    "model": "users.profile",
    "pk": 5,
    "fields": {
        "user": [
            "user2"
        ],
        "school": "Stemletics University",
        "image": "",
        "enrolled": []
    }
},
{
    "model": "users.profile",
    "pk": 6,
    "fields": {
        "user": [
            "user3"
        ],
        "school": "Stemletics University",
        "image": "",
        "enrolled": []
    }
},
{
    "model": "users.profile",
    "pk": 7,
    "fields": {
        "user": [
            "user4"
        ],
        "school": "Stemletics University",
        "image": "",
        "enrolled": []
    }
},
{
    "model": "users.profile",
    "pk": 8,
    "fields": {
        "user": [
            "user5"
        ],
        "school": "Stemletics University",
        "image": "",
        "enrolled": []
    }
},
{
    "model": "users.profile",
    "pk": 9,
    "fields": {
        "user": [
            "mckendry"
        ],
        "school": "Stemletics University",
        "image": "",
        "enrolled": []
    }
},
{
    "model": "users.profile",
    "pk": 10,
    "fields": {
        "user": [
            "dom2"
        ],
        "school": "Stemletics University",
        "image": "",
        "enrolled": []
    }
},
{
    "model": "users.profile",
    "pk": 11,
    "fields": {
        "user": [
            "dom3"
        ],
        "school": "Stemletics University",
        "image": "",
        "enrolled": []
    }
},
{
    "model": "users.profile",
    "pk": 12,
    "fields": {
        "user": [
            "deek"
        ],
        "school": "Stemletics University",
        "image": "",
        "enrolled": []
    }
},
{
    "model": "users.profile",
    "pk": 13,
    "fields": {
        "user": [
            "tim"
        ],
        "school": "Stemletics University",
        "image": "profile/{now:%Y/%m/YmdHMSext_EdCw83h",
        "enrolled": []
    }
},
{
    "model": "users.profile",
    "pk": 14,
    "fields": {
        "user": [
            "fae"
        ],
        "school": "Stemletics University",
        "image": "",
        "enrolled": []
    }
},
{
    "model": "users.profile",
    "pk": 15,
    "fields": {
        "user": [
            "fake223"
        ],
        "school": "Stemletics University",
        "image": "",
        "enrolled": []
    }
},
{
    "model": "users.profile",
    "pk": 16,
    "fields": {
        "user": [
            "f2ake223"
        ],
        "school": "Stemletics University",
        "image": "",
        "enrolled": []
    }
},
{
    "model": "users.profile",
    "pk": 17,
    "fields": {
        "user": [
            "f2ake223okay"
        ],
        "school": "Stemletics University",
        "image": "",
        "enrolled": []
    }
},
{
    "model": "users.profile",
    "pk": 18,
    "fields": {
        "user": [
            "testaccount"
        ],
        "school": "Stemletics University",
        "image": "",
        "enrolled": []
    }
},
{
    "model": "users.profile",
    "pk": 19,
    "fields": {
        "user": [
            "bob"
        ],
        "school": "Stemletics University",
        "image": "",
        "enrolled": []
    }
},
{
    "model": "users.profile",
    "pk": 20,
    "fields": {
        "user": [
            "bobbob"
        ],
        "school": "Stemletics University",
        "image": "",
        "enrolled": []
    }
},
{
    "model": "users.profile",
    "pk": 21,
    "fields": {
        "user": [
            "varun"
        ],
        "school": "Stemletics University",
        "image": "",
        "enrolled": []
    }
},
{
    "model": "users.profile",
    "pk": 22,
    "fields": {
        "user": [
            "VarunJ"
        ],
        "school": "Stemletics University",
        "image": "",
        "enrolled": []
    }
},
{
    "model": "users.profile",
    "pk": 23,
    "fields": {
        "user": [
            "MacDaddy"
        ],
        "school": "Stemletics University",
        "image": "",
        "enrolled": []
    }
},
{
    "model": "users.profile",
    "pk": 24,
    "fields": {
        "user": [
            "stemletics"
        ],
        "school": "Stemletics University",
        "image": "",
        "enrolled": []
    }
},
{
    "model": "users.profile",
    "pk": 25,
    "fields": {
        "user": [
            "gogle"
        ],
        "school": "Stemletics University",
        "image": "",
        "enrolled": []
    }
},
{
    "model": "users.profile",
    "pk": 26,
    "fields": {
        "user": [
            "zeta"
        ],
        "school": "Stemletics University",
        "image": "",
        "enrolled": []
    }
},
{
    "model": "users.profile",
    "pk": 27,
    "fields": {
        "user": [
            "turkey"
        ],
        "school": "Stemletics University",
        "image": "",
        "enrolled": []
    }
},
{
    "model": "users.profile",
    "pk": 28,
    "fields": {
        "user": [
            "another"
        ],
        "school": "Stemletics University",
        "image": "",
        "enrolled": []
    }
},
{
    "model": "users.profile",
    "pk": 29,
    "fields": {
        "user": [
            "evan2235234"
        ],
        "school": "Stemletics University",
        "image": "",
        "enrolled": []
    }
},
{
    "model": "users.profile",
    "pk": 30,
    "fields": {
        "user": [
            "kirkland2"
        ],
        "school": "Stemletics University",
        "image": "",
        "enrolled": []
    }
},
{
    "model": "users.profile",
    "pk": 31,
    "fields": {
        "user": [
            "jon232"
        ],
        "school": "Stemletics University",
        "image": "",
        "enrolled": []
    }
},
{
    "model": "users.userstripe",
    "pk": 1,
    "fields": {
        "user": [
            "testuser"
        ],
        "stripe_id": "cus_DoFF3ncD1zjQp4"
    }
},
{
    "model": "users.userstripe",
    "pk": 2,
    "fields": {
        "user": [
            "dominicmazzola@gmail.com"
        ],
        "stripe_id": "cus_DoFGlmyhrlDoES"
    }
},
{
    "model": "users.userstripe",
    "pk": 3,
    "fields": {
        "user": [
            "user1"
        ],
        "stripe_id": "cus_DoTznVt1suJKYL"
    }
},
{
    "model": "users.userstripe",
    "pk": 4,
    "fields": {
        "user": [
            "user2"
        ],
        "stripe_id": "cus_DoU1qBeoc9vLj8"
    }
},
{
    "model": "users.userstripe",
    "pk": 5,
    "fields": {
        "user": [
            "user3"
        ],
        "stripe_id": "cus_DoUJFGaTZuSns4"
    }
},
{
    "model": "users.userstripe",
    "pk": 6,
    "fields": {
        "user": [
            "user4"
        ],
        "stripe_id": "cus_DoUWzjyky2jYNl"
    }
},
{
    "model": "users.userstripe",
    "pk": 7,
    "fields": {
        "user": [
            "user5"
        ],
        "stripe_id": "cus_DoUaEPa2Z1lEQE"
    }
},
{
    "model": "users.userstripe",
    "pk": 8,
    "fields": {
        "user": [
            "mckendry"
        ],
        "stripe_id": "cus_Doi0HNCE0Ojbxi"
    }
},
{
    "model": "users.userstripe",
    "pk": 9,
    "fields": {
        "user": [
            "dom2"
        ],
        "stripe_id": "cus_DpRDbOn6tx1PT0"
    }
},
{
    "model": "users.userstripe",
    "pk": 10,
    "fields": {
        "user": [
            "dom3"
        ],
        "stripe_id": "cus_DpRDWgCCDcUJbD"
    }
},
{
    "model": "users.userstripe",
    "pk": 11,
    "fields": {
        "user": [
            "deek"
        ],
        "stripe_id": "cus_Dq9PY2o8aQX0z3"
    }
},
{
    "model": "users.userstripe",
    "pk": 12,
    "fields": {
        "user": [
            "tim"
        ],
        "stripe_id": "cus_DuHFgUVyA2eFlT"
    }
},
{
    "model": "users.userstripe",
    "pk": 13,
    "fields": {
        "user": [
            "fae"
        ],
        "stripe_id": "cus_DuHKAAA1Lb2b33"
    }
},
{
    "model": "users.userstripe",
    "pk": 14,
    "fields": {
        "user": [
            "fake223"
        ],
        "stripe_id": "cus_DuHNMrx7BJspwV"
    }
},
{
    "model": "users.userstripe",
    "pk": 15,
    "fields": {
        "user": [
            "f2ake223"
        ],
        "stripe_id": "cus_DuHNLRB9At3Ttv"
    }
},
{
    "model": "users.userstripe",
    "pk": 16,
    "fields": {
        "user": [
            "f2ake223okay"
        ],
        "stripe_id": "cus_DuHNtDnnP2J3TU"
    }
},
{
    "model": "users.userstripe",
    "pk": 17,
    "fields": {
        "user": [
            "testaccount"
        ],
        "stripe_id": "cus_Dv8pbRQoJeY3tC"
    }
},
{
    "model": "users.userstripe",
    "pk": 18,
    "fields": {
        "user": [
            "bob"
        ],
        "stripe_id": "cus_Dv8qtq3D2l47pK"
    }
},
{
    "model": "users.userstripe",
    "pk": 19,
    "fields": {
        "user": [
            "bobbob"
        ],
        "stripe_id": "cus_Dv8qOMkPagCARZ"
    }
},
{
    "model": "users.userstripe",
    "pk": 20,
    "fields": {
        "user": [
            "varun"
        ],
        "stripe_id": "cus_DvU3M08hPpVYu5"
    }
},
{
    "model": "users.userstripe",
    "pk": 21,
    "fields": {
        "user": [
            "VarunJ"
        ],
        "stripe_id": "cus_DvU4gL4F83TBsm"
    }
},
{
    "model": "users.userstripe",
    "pk": 22,
    "fields": {
        "user": [
            "MacDaddy"
        ],
        "stripe_id": "cus_DvtqSpX0O0hAXX"
    }
},
{
    "model": "users.userstripe",
    "pk": 23,
    "fields": {
        "user": [
            "stemletics"
        ],
        "stripe_id": "cus_Dwxz4kqJMkuIPD"
    }
},
{
    "model": "users.userstripe",
    "pk": 24,
    "fields": {
        "user": [
            "gogle"
        ],
        "stripe_id": "cus_DxhMxbP3TfydDN"
    }
},
{
    "model": "users.userstripe",
    "pk": 25,
    "fields": {
        "user": [
            "zeta"
        ],
        "stripe_id": "cus_DxomeYkK07kyHt"
    }
},
{
    "model": "users.userstripe",
    "pk": 26,
    "fields": {
        "user": [
            "turkey"
        ],
        "stripe_id": "cus_E1Vvw1WLTjaYIy"
    }
},
{
    "model": "users.userstripe",
    "pk": 27,
    "fields": {
        "user": [
            "another"
        ],
        "stripe_id": "cus_E2GnawcoTSHfXW"
    }
},
{
    "model": "users.userstripe",
    "pk": 28,
    "fields": {
        "user": [
            "evan2235234"
        ],
        "stripe_id": "cus_E2JR6njiZD7ATY"
    }
},
{
    "model": "users.userstripe",
    "pk": 29,
    "fields": {
        "user": [
            "kirkland2"
        ],
        "stripe_id": "cus_EHzNm1w829yKoz"
    }
},
{
    "model": "users.userstripe",
    "pk": 30,
    "fields": {
        "user": [
            "jon232"
        ],
        "stripe_id": "cus_EKXrHehExDju5P"
    }
},
{
    "model": "users.userstripe",
    "pk": 31,
    "fields": {
        "user": [
            "stemletics16"
        ],
        "stripe_id": "cus_EKZNVStLhveKX3"
    }
},
{
    "model": "portal.course",
    "pk": 1,
    "fields": {
        "slug": "3rd",
        "ordering_id": 1,
        "title": "Third Grade Course",
        "card_description": "Learn Python like a Professional!",
        "description": "Learn Python like a Professional! Start from the basics and go all the way to creating your own applications and games!",
        "image_url": "https://s3.amazonaws.com/stemletic/course_pic.jpg",
        "subject": "Math",
        "targeted_grades": "3rd Grade",
        "course_content_1": "Please Add a Description",
        "course_content_2": "Please Add a Description",
        "course_content_3": "Please Add a Description",
        "course_content_4": "Please Add a Description",
        "course_content_5": "Please Add a Description",
        "course_content_6": "Please Add a Description",
        "membership_required": true,
        "allowed_memberships": [
            4,
            2,
            3
        ]
    }
},
{
    "model": "portal.course",
    "pk": 3,
    "fields": {
        "slug": "Fifth-Grade",
        "ordering_id": 3,
        "title": "Fifth Grade Course",
        "card_description": "Learn Python like a Professional!",
        "description": "Learn Python like a Professional! Start from the basics and go all the way to creating your own applications and games!",
        "image_url": "https://s3.amazonaws.com/stemletic/course_pic.jpg",
        "subject": "Math",
        "targeted_grades": "3rd Grade",
        "course_content_1": "Please Add a Description",
        "course_content_2": "Please Add a Description",
        "course_content_3": "Please Add a Description",
        "course_content_4": "Please Add a Description",
        "course_content_5": "Please Add a Description",
        "course_content_6": "Please Add a Description",
        "membership_required": true,
        "allowed_memberships": [
            3
        ]
    }
},
{
    "model": "portal.course",
    "pk": 4,
    "fields": {
        "slug": "6th-grade",
        "ordering_id": 4,
        "title": "Sixth  Grade Course",
        "card_description": "Learn Python like a Professional!",
        "description": "Learn Python like a Professional! Start from the basics and go all the way to creating your own applications and games!",
        "image_url": "https://s3.amazonaws.com/stemletic/pic8.jpg",
        "subject": "Math",
        "targeted_grades": "3rd Grade",
        "course_content_1": "Please Add a Description",
        "course_content_2": "Please Add a Description",
        "course_content_3": "Please Add a Description",
        "course_content_4": "Please Add a Description",
        "course_content_5": "Please Add a Description",
        "course_content_6": "Please Add a Description",
        "membership_required": true,
        "allowed_memberships": [
            2,
            3
        ]
    }
},
{
    "model": "portal.course",
    "pk": 5,
    "fields": {
        "slug": "7th-grade",
        "ordering_id": 5,
        "title": "Seventh Grade Course",
        "card_description": "Learn Python like a Professional!",
        "description": "Learn Python like a Professional! Start from the basics and go all the way to creating your own applications and games!",
        "image_url": "https://s3.amazonaws.com/stemletic/pic8.jpg",
        "subject": "Math",
        "targeted_grades": "3rd Grade",
        "course_content_1": "Please Add a Description",
        "course_content_2": "Please Add a Description",
        "course_content_3": "Please Add a Description",
        "course_content_4": "Please Add a Description",
        "course_content_5": "Please Add a Description",
        "course_content_6": "Please Add a Description",
        "membership_required": true,
        "allowed_memberships": [
            2,
            3
        ]
    }
},
{
    "model": "portal.course",
    "pk": 6,
    "fields": {
        "slug": "8th-grade",
        "ordering_id": 6,
        "title": "Eighth Grade Course",
        "card_description": "Learn Python like a Professional!",
        "description": "Learn Python like a Professional! Start from the basics and go all the way to creating your own applications and games!",
        "image_url": null,
        "subject": "Math",
        "targeted_grades": "3rd Grade",
        "course_content_1": "Please Add a Description",
        "course_content_2": "Please Add a Description",
        "course_content_3": "Please Add a Description",
        "course_content_4": "Please Add a Description",
        "course_content_5": "Please Add a Description",
        "course_content_6": "Please Add a Description",
        "membership_required": true,
        "allowed_memberships": [
            2,
            3
        ]
    }
},
{
    "model": "portal.course",
    "pk": 10,
    "fields": {
        "slug": "4th",
        "ordering_id": 2,
        "title": "Fourth Grade Course",
        "card_description": "Learn Python like a Professional!",
        "description": "Learn Python like a Professional! Start from the basics and go all the way to creating your own applications and games!",
        "image_url": "https://s3.amazonaws.com/stemletic/course_pic.jpg",
        "subject": "Math",
        "targeted_grades": "3rd Grade",
        "course_content_1": "Please Add a Description",
        "course_content_2": "Please Add a Description",
        "course_content_3": "Please Add a Description",
        "course_content_4": "Please Add a Description",
        "course_content_5": "Please Add a Description",
        "course_content_6": "Please Add a Description",
        "membership_required": true,
        "allowed_memberships": [
            4,
            2,
            3
        ]
    }
},
{
    "model": "portal.course",
    "pk": 11,
    "fields": {
        "slug": "Free",
        "ordering_id": 7,
        "title": "Beginner Course",
        "card_description": "Learn Python like a Professional!",
        "description": "Learn Python like a Professional! Start from the basics and go all the way to creating your own applications and games!",
        "image_url": null,
        "subject": "Math",
        "targeted_grades": "3rd Grade",
        "course_content_1": "Please Add a Description",
        "course_content_2": "Please Add a Description",
        "course_content_3": "Please Add a Description",
        "course_content_4": "Please Add a Description",
        "course_content_5": "Please Add a Description",
        "course_content_6": "Please Add a Description",
        "membership_required": false,
        "allowed_memberships": [
            4,
            2,
            3
        ]
    }
},
{
    "model": "portal.lesson",
    "pk": 1,
    "fields": {
        "ordering_id": 4,
        "slug": "lesson-4",
        "title": "Science 101",
        "description": "Please add a lesson description",
        "detailed_description": "Please add a lesson description",
        "course": 1,
        "document": "",
        "powerpoint_link": null,
        "video_url": "https://www.youtube.com/embed/TMubSggUOVE",
        "video_thumbnail": null
    }
},
{
    "model": "portal.lesson",
    "pk": 2,
    "fields": {
        "ordering_id": 3,
        "slug": "lesson-3",
        "title": "Reading 101",
        "description": "Please add a lesson description",
        "detailed_description": "Please add a lesson description",
        "course": 1,
        "document": "",
        "powerpoint_link": null,
        "video_url": "https://www.youtube.com/embed/TMubSggUOVE",
        "video_thumbnail": null
    }
},
{
    "model": "portal.lesson",
    "pk": 3,
    "fields": {
        "ordering_id": 1,
        "slug": "lesson-1",
        "title": "Math 101",
        "description": "Please add a lesson description",
        "detailed_description": "Lorem ipsum dolor sit amet, consectetur adipiscing elit, sed do eiusmod tempor incididunt ut labore et dolore magna aliqua. Ut enim ad minim veniam, quis nostrud exercitation ullamco laboris nisi ut aliquip ex ea commodo consequat. Duis aute irure dolor in reprehenderit in voluptate velit esse cillum dolore eu fugiat nulla pariatur. Excepteur sint occaecat cupidatat non proident, sunt in culpa qui officia deserunt mollit anim id est laborum.",
        "course": 1,
        "document": "",
        "powerpoint_link": null,
        "video_url": "https://www.youtube.com/watch?v=zu2PBUHMEew",
        "video_thumbnail": null
    }
},
{
    "model": "portal.lesson",
    "pk": 4,
    "fields": {
        "ordering_id": 2,
        "slug": "lesson-2",
        "title": "Basketball 101",
        "description": "Please add a lesson description",
        "detailed_description": "Please add a lesson description",
        "course": 1,
        "document": "",
        "powerpoint_link": null,
        "video_url": "https://www.youtube.com/embed/cDPeFsZkR9w",
        "video_thumbnail": null
    }
},
{
    "model": "portal.lesson",
    "pk": 6,
    "fields": {
        "ordering_id": 1,
        "slug": "lesson-1",
        "title": "Starting Out",
        "description": "Please add a lesson description",
        "detailed_description": "Please add a lesson description",
        "course": 11,
        "document": "",
        "powerpoint_link": null,
        "video_url": "https://www.youtube.com/embed/cDPeFsZkR9w",
        "video_thumbnail": null
    }
},
{
    "model": "portal.lesson",
    "pk": 7,
    "fields": {
        "ordering_id": 1,
        "slug": "lesson-1",
        "title": "Advanced Math",
        "description": "Explore basic Algebra with Jon!",
        "detailed_description": "Please add a lesson description",
        "course": 10,
        "document": "",
        "powerpoint_link": null,
        "video_url": "https://www.youtube.com/embed/TMubSggUOVE",
        "video_thumbnail": null
    }
},
{
    "model": "portal.review",
    "pk": 17,
    "fields": {
        "review_user": [
            "root"
        ],
        "review_course": 1,
        "summary": "Lorem ipsum dolor sit amet, consectetur adipiscing elit, sed do eiusmod tempor incididunt ut labore et dolore magna aliqua. Ut enim ad minim veniam, quis nostrud exercitation ullamco laboris nisi ut aliquip ex ea commodo consequat. Duis aute irure dolor i",
        "rating": 5,
        "created_time": "2019-01-06T03:47:39.140Z"
    }
},
{
    "model": "portal.review",
    "pk": 18,
    "fields": {
        "review_user": [
            "root"
        ],
        "review_course": 1,
        "summary": "Lorem ipsum dolor sit amet, consectetur adipiscing elit, sed do eiusmod tempor incididunt ut labore et dolore magna aliqua. Ut enim ad minim veniam, quis nostrud exercitation ullamco laboris nisi ut aliquip ex ea commodo consequat. Duis aute irure dolor i",
        "rating": 5,
        "created_time": "2019-01-06T03:47:53.807Z"
    }
},
{
    "model": "portal.review",
    "pk": 19,
    "fields": {
        "review_user": [
            "dominicmazzola@gmail.com"
        ],
        "review_course": 1,
        "summary": "Lorem ipsum dolor sit amet, consectetur adipiscing elit, sed do eiusmod tempor incididunt ut labore et dolore magna aliqua. Ut enim ad minim veniam, quis nostrud exercitation ullamco laboris nisi ut aliquip ex ea commodo consequat. Duis aute irure dolor i",
        "rating": 5,
        "created_time": "2019-01-06T03:57:14.052Z"
    }
},
{
    "model": "portal.review",
    "pk": 20,
    "fields": {
        "review_user": [
            "dominicmazzola@gmail.com"
        ],
        "review_course": 1,
        "summary": "Lorem ipsum dolor sit amet, consectetur adipiscing elit, sed do eiusmod tempor incididunt ut labore et dolore magna aliqua. Ut enim ad minim veniam, quis nostrud exercitation ullamco laboris nisi ut aliquip ex ea commodo consequat. Duis aute irure dolor i",
        "rating": 5,
        "created_time": "2019-01-06T03:59:09.776Z"
    }
},
{
    "model": "portal.review",
    "pk": 21,
    "fields": {
        "review_user": [
            "dominicmazzola@gmail.com"
        ],
        "review_course": 1,
        "summary": "Lorem ipsum dolor sit amet, consectetur adipiscing elit, sed do eiusmod tempor incididunt ut labore et dolore magna aliqua. Ut enim ad minim veniam, quis nostrud exercitation ullamco laboris nisi ut aliquip ex ea commodo consequat. Duis aute irure dolor i",
        "rating": 5,
        "created_time": "2019-01-06T03:59:41.700Z"
    }
},
{
    "model": "portal.review",
    "pk": 22,
    "fields": {
        "review_user": [
            "dominicmazzola@gmail.com"
        ],
        "review_course": 1,
        "summary": "Lorem ipsum dolor sit amet, consectetur adipiscing elit, sed do eiusmod tempor incididunt ut labore et dolore magna aliqua. Ut enim ad minim veniam, quis nostrud exercitation ullamco laboris nisi ut aliquip ex ea commodo consequat. Duis aute irure dolor i",
        "rating": 5,
        "created_time": "2019-01-06T04:01:04.143Z"
    }
},
{
    "model": "portal.review",
    "pk": 23,
    "fields": {
        "review_user": [
            "dominicmazzola@gmail.com"
        ],
        "review_course": 11,
        "summary": "Lorem ipsum dolor sit amet, consectetur adipiscing elit, sed do eiusmod tempor incididunt ut labore et dolore magna aliqua. Ut enim ad minim veniam, quis nostrud exercitation ullamco laboris nisi ut aliquip ex ea commodo consequat. Duis aute irure dolor i",
        "rating": 5,
        "created_time": "2019-01-06T04:18:18.041Z"
    }
},
{
    "model": "portal.review",
    "pk": 24,
    "fields": {
        "review_user": [
            "dominicmazzola@gmail.com"
        ],
        "review_course": 10,
        "summary": "Lorem ipsum dolor sit amet, consectetur adipiscing elit, sed do eiusmod tempor incididunt ut labore et dolore magna aliqua. Ut enim ad minim veniam, quis nostrud exercitation ullamco laboris nisi ut aliquip ex ea commodo consequat. Duis aute irure dolor i",
        "rating": 4,
        "created_time": "2019-01-06T15:54:39.589Z"
    }
},
{
    "model": "portal.review",
    "pk": 25,
    "fields": {
        "review_user": [
            "dominicmazzola@gmail.com"
        ],
        "review_course": 3,
        "summary": "Lorem ipsum dolor sit amet, consectetur adipiscing elit, sed do eiusmod tempor incididunt ut labore et dolore magna aliqua. Ut enim ad minim veniam, quis nostrud exercitation ullamco laboris nisi ut aliquip ex ea commodo consequat. Duis aute irure dolor i",
        "rating": 5,
        "created_time": "2019-01-06T15:54:56.372Z"
    }
},
{
    "model": "portal.review",
    "pk": 26,
    "fields": {
        "review_user": [
            "dominicmazzola@gmail.com"
        ],
        "review_course": 4,
        "summary": "Lorem ipsum dolor sit amet, consectetur adipiscing elit, sed do eiusmod tempor incididunt ut labore et dolore magna aliqua. Ut enim ad minim veniam, quis nostrud exercitation ullamco laboris nisi ut aliquip ex ea commodo consequat. Duis aute irure dolor i",
        "rating": 3,
        "created_time": "2019-01-06T15:55:07.630Z"
    }
},
{
    "model": "portal.review",
    "pk": 27,
    "fields": {
        "review_user": [
            "dominicmazzola@gmail.com"
        ],
        "review_course": 6,
        "summary": "Lorem ipsum dolor sit amet, consectetur adipiscing elit, sed do eiusmod tempor incididunt ut labore et dolore magna aliqua. Ut enim ad minim veniam, quis nostrud exercitation ullamco laboris nisi ut aliquip ex ea commodo consequat. Duis aute irure dolor i",
        "rating": 5,
        "created_time": "2019-01-06T16:22:21.274Z"
    }
},
{
    "model": "checkout.orderitem",
    "pk": 9,
    "fields": {
        "is_ordered": true,
        "date_added": "2018-10-18T15:07:07.197Z",
        "date_ordered": "2018-10-23T16:52:41.886Z"
    }
},
{
    "model": "checkout.orderitem",
    "pk": 12,
    "fields": {
        "is_ordered": true,
        "date_added": "2018-10-18T16:27:29.594Z",
        "date_ordered": "2018-10-19T06:36:59.061Z"
    }
},
{
    "model": "checkout.orderitem",
    "pk": 18,
    "fields": {
        "is_ordered": true,
        "date_added": "2018-10-19T05:46:32.323Z",
        "date_ordered": "2018-10-19T06:34:57.089Z"
    }
},
{
    "model": "checkout.orderitem",
    "pk": 19,
    "fields": {
        "is_ordered": false,
        "date_added": "2018-11-03T20:31:30.903Z",
        "date_ordered": null
    }
},
{
    "model": "checkout.order",
    "pk": 1,
    "fields": {
        "ref_code": "1810187634",
        "owner": null,
        "is_ordered": false,
        "date_ordered": "2018-10-18T14:14:07.671Z",
        "items": [
            9
        ]
    }
},
{
    "model": "checkout.order",
    "pk": 2,
    "fields": {
        "ref_code": "18101812619",
        "owner": 2,
        "is_ordered": true,
        "date_ordered": "2018-10-19T04:13:20.954Z",
        "items": [
            9
        ]
    }
},
{
    "model": "checkout.order",
    "pk": 3,
    "fields": {
        "ref_code": "18101832303",
        "owner": 3,
        "is_ordered": true,
        "date_ordered": "2018-10-19T05:54:21.262Z",
        "items": [
            12
        ]
    }
},
{
    "model": "checkout.order",
    "pk": 4,
    "fields": {
        "ref_code": "18101934255",
        "owner": 2,
        "is_ordered": true,
        "date_ordered": "2018-10-19T05:51:37.238Z",
        "items": [
            18
        ]
    }
},
{
    "model": "checkout.order",
    "pk": 5,
    "fields": {
        "ref_code": "18101919787",
        "owner": 3,
        "is_ordered": true,
        "date_ordered": "2018-10-19T05:55:43.530Z",
        "items": [
            18
        ]
    }
},
{
    "model": "checkout.order",
    "pk": 6,
    "fields": {
        "ref_code": "18101949923",
        "owner": 3,
        "is_ordered": true,
        "date_ordered": "2018-10-19T05:58:10.379Z",
        "items": [
            9
        ]
    }
},
{
    "model": "checkout.order",
    "pk": 7,
    "fields": {
        "ref_code": "18101938362",
        "owner": 4,
        "is_ordered": true,
        "date_ordered": "2018-10-19T06:00:00.105Z",
        "items": [
            12
        ]
    }
},
{
    "model": "checkout.order",
    "pk": 8,
    "fields": {
        "ref_code": "18101953964",
        "owner": 5,
        "is_ordered": true,
        "date_ordered": "2018-10-19T06:02:28.121Z",
        "items": [
            12
        ]
    }
},
{
    "model": "checkout.order",
    "pk": 9,
    "fields": {
        "ref_code": "18101916448",
        "owner": 5,
        "is_ordered": true,
        "date_ordered": "2018-10-19T06:04:36.733Z",
        "items": [
            18
        ]
    }
},
{
    "model": "checkout.order",
    "pk": 10,
    "fields": {
        "ref_code": "18101918132",
        "owner": 5,
        "is_ordered": true,
        "date_ordered": "2018-10-19T06:18:38.271Z",
        "items": [
            9
        ]
    }
},
{
    "model": "checkout.order",
    "pk": 11,
    "fields": {
        "ref_code": "18101932645",
        "owner": 6,
        "is_ordered": true,
        "date_ordered": "2018-10-19T06:19:54.655Z",
        "items": [
            12
        ]
    }
},
{
    "model": "checkout.order",
    "pk": 12,
    "fields": {
        "ref_code": "18101923060",
        "owner": 6,
        "is_ordered": true,
        "date_ordered": "2018-10-19T06:27:52.919Z",
        "items": [
            18
        ]
    }
},
{
    "model": "checkout.order",
    "pk": 13,
    "fields": {
        "ref_code": "18101957770",
        "owner": 7,
        "is_ordered": true,
        "date_ordered": "2018-10-19T06:33:36.712Z",
        "items": [
            12
        ]
    }
},
{
    "model": "checkout.order",
    "pk": 14,
    "fields": {
        "ref_code": "18101936408",
        "owner": 7,
        "is_ordered": true,
        "date_ordered": "2018-10-19T06:34:57.085Z",
        "items": [
            18
        ]
    }
},
{
    "model": "checkout.order",
    "pk": 15,
    "fields": {
        "ref_code": "18101937169",
        "owner": 8,
        "is_ordered": true,
        "date_ordered": "2018-10-19T06:36:59.053Z",
        "items": [
            12
        ]
    }
},
{
    "model": "checkout.order",
    "pk": 16,
    "fields": {
        "ref_code": "18101953289",
        "owner": 9,
        "is_ordered": true,
        "date_ordered": "2018-10-19T20:30:46.280Z",
        "items": [
            9
        ]
    }
},
{
    "model": "checkout.order",
    "pk": 17,
    "fields": {
        "ref_code": "18102151542",
        "owner": 11,
        "is_ordered": false,
        "date_ordered": "2018-10-21T19:11:51.831Z",
        "items": [
            9
        ]
    }
},
{
    "model": "checkout.order",
    "pk": 18,
    "fields": {
        "ref_code": "1810238294",
        "owner": 12,
        "is_ordered": true,
        "date_ordered": "2018-10-23T16:52:41.875Z",
        "items": [
            9
        ]
    }
},
{
    "model": "checkout.order",
    "pk": 19,
    "fields": {
        "ref_code": "18110330870",
        "owner": 17,
        "is_ordered": false,
        "date_ordered": "2018-11-03T20:31:30.922Z",
        "items": [
            19
        ]
    }
},
{
    "model": "checkout.order",
    "pk": 20,
    "fields": {
        "ref_code": "18110329100",
        "owner": 2,
        "is_ordered": false,
        "date_ordered": "2018-11-03T20:40:29.709Z",
        "items": [
            19
        ]
    }
},
{
    "model": "checkout.transaction",
    "pk": 1,
    "fields": {
        "profile": 2,
        "token": "tok_1DMpMRBD9Vp7bZFyAQLCBWt4",
        "order_id": "2",
        "amount": "10.00",
        "success": true,
        "timestamp": "2018-10-19T04:13:21.000Z"
    }
},
{
    "model": "checkout.transaction",
    "pk": 2,
    "fields": {
        "profile": 2,
        "token": "tok_1DMqtVBD9Vp7bZFyhqQkx2o4",
        "order_id": "4",
        "amount": "20.00",
        "success": true,
        "timestamp": "2018-10-19T05:51:37.266Z"
    }
},
{
    "model": "checkout.transaction",
    "pk": 3,
    "fields": {
        "profile": 3,
        "token": "tok_1DMqw9BD9Vp7bZFy5fOz4p7h",
        "order_id": "3",
        "amount": "150.00",
        "success": true,
        "timestamp": "2018-10-19T05:54:21.294Z"
    }
},
{
    "model": "checkout.transaction",
    "pk": 4,
    "fields": {
        "profile": 3,
        "token": "tok_1DMqxTBD9Vp7bZFyftwLQW9r",
        "order_id": "5",
        "amount": "20.00",
        "success": true,
        "timestamp": "2018-10-19T05:55:43.589Z"
    }
},
{
    "model": "checkout.transaction",
    "pk": 5,
    "fields": {
        "profile": 3,
        "token": "tok_1DMqzqBD9Vp7bZFyhDxKHsvS",
        "order_id": "6",
        "amount": "10.00",
        "success": true,
        "timestamp": "2018-10-19T05:58:10.438Z"
    }
},
{
    "model": "checkout.transaction",
    "pk": 6,
    "fields": {
        "profile": 4,
        "token": "tok_1DMr1cBD9Vp7bZFyN6ZZXqOf",
        "order_id": "7",
        "amount": "150.00",
        "success": true,
        "timestamp": "2018-10-19T06:00:00.164Z"
    }
},
{
    "model": "checkout.transaction",
    "pk": 7,
    "fields": {
        "profile": 5,
        "token": "tok_1DMr40BD9Vp7bZFygg0yAcdf",
        "order_id": "8",
        "amount": "150.00",
        "success": true,
        "timestamp": "2018-10-19T06:02:28.169Z"
    }
},
{
    "model": "checkout.transaction",
    "pk": 8,
    "fields": {
        "profile": 5,
        "token": "tok_1DMr64BD9Vp7bZFys6zchdhP",
        "order_id": "9",
        "amount": "20.00",
        "success": true,
        "timestamp": "2018-10-19T06:04:36.768Z"
    }
},
{
    "model": "checkout.transaction",
    "pk": 9,
    "fields": {
        "profile": 5,
        "token": "tok_1DMrJeBD9Vp7bZFy4HY1eb2i",
        "order_id": "10",
        "amount": "10.00",
        "success": true,
        "timestamp": "2018-10-19T06:18:38.306Z"
    }
},
{
    "model": "checkout.transaction",
    "pk": 10,
    "fields": {
        "profile": 6,
        "token": "tok_1DMrKsBD9Vp7bZFy9klZEz9k",
        "order_id": "11",
        "amount": "150.00",
        "success": true,
        "timestamp": "2018-10-19T06:19:54.684Z"
    }
},
{
    "model": "checkout.transaction",
    "pk": 11,
    "fields": {
        "profile": 6,
        "token": "tok_1DMrSbBD9Vp7bZFyHA6QT32k",
        "order_id": "12",
        "amount": "20.00",
        "success": true,
        "timestamp": "2018-10-19T06:27:52.947Z"
    }
},
{
    "model": "checkout.transaction",
    "pk": 12,
    "fields": {
        "profile": 7,
        "token": "tok_1DMrY8BD9Vp7bZFy8FpwI6yn",
        "order_id": "13",
        "amount": "150.00",
        "success": true,
        "timestamp": "2018-10-19T06:33:36.741Z"
    }
},
{
    "model": "checkout.transaction",
    "pk": 13,
    "fields": {
        "profile": 7,
        "token": "tok_1DMrZRBD9Vp7bZFyTmPAdIvn",
        "order_id": "14",
        "amount": "20.00",
        "success": true,
        "timestamp": "2018-10-19T06:34:57.115Z"
    }
},
{
    "model": "checkout.transaction",
    "pk": 14,
    "fields": {
        "profile": 8,
        "token": "tok_1DMrbPBD9Vp7bZFyhOFgm6pl",
        "order_id": "15",
        "amount": "150.00",
        "success": true,
        "timestamp": "2018-10-19T06:36:59.113Z"
    }
},
{
    "model": "checkout.transaction",
    "pk": 15,
    "fields": {
        "profile": 9,
        "token": "tok_1DN4cIBD9Vp7bZFydAC5RVZL",
        "order_id": "16",
        "amount": "10.00",
        "success": true,
        "timestamp": "2018-10-19T20:30:46.355Z"
    }
},
{
    "model": "checkout.transaction",
    "pk": 16,
    "fields": {
        "profile": 12,
        "token": "tok_1DOT7RBD9Vp7bZFyywMUxIXi",
        "order_id": "18",
        "amount": "10.00",
        "success": true,
        "timestamp": "2018-10-23T16:52:41.948Z"
    }
},
{
    "model": "memberships.membership",
    "pk": 2,
    "fields": {
        "slug": "Basic",
        "membership_type": "Basic",
        "price": "8.00",
        "tax": "0.00",
        "stripe_plan_id": "plan_Dv8mb5rGd5G8WD",
        "image": "basic_logo.jpg"
    }
},
{
    "model": "memberships.membership",
    "pk": 3,
    "fields": {
        "slug": "premium",
        "membership_type": "Premium",
        "price": "15.00",
        "tax": "0.00",
        "stripe_plan_id": "plan_Dv8mmXW0DBY4ou",
        "image": "premium_logo.jpg"
    }
},
{
    "model": "memberships.membership",
    "pk": 4,
    "fields": {
        "slug": "Enterprise",
        "membership_type": "Enterprise",
        "price": "300.00",
        "tax": "0.00",
        "stripe_plan_id": "plan_Dv8nIqy19eohZU",
        "image": "enterprise_logo.jpg"
    }
},
{
    "model": "memberships.usermembership",
    "pk": 1,
    "fields": {
        "user": [
            "dominicmazzola@gmail.com"
        ],
        "stripe_customer_id": "cus_Du2JfDWHFj95qW",
        "membership": 2
    }
},
{
    "model": "memberships.usermembership",
    "pk": 2,
    "fields": {
        "user": [
            "tim"
        ],
        "stripe_customer_id": "cus_DuHFpGz3fsHLmc",
        "membership": 2
    }
},
{
    "model": "memberships.usermembership",
    "pk": 3,
    "fields": {
        "user": [
            "fae"
        ],
        "stripe_customer_id": "cus_DuHKCFIc05wNpR",
        "membership": null
    }
},
{
    "model": "memberships.usermembership",
    "pk": 4,
    "fields": {
        "user": [
            "fake223"
        ],
        "stripe_customer_id": "cus_DuHNMU2i1NZV8R",
        "membership": null
    }
},
{
    "model": "memberships.usermembership",
    "pk": 5,
    "fields": {
        "user": [
            "f2ake223"
        ],
        "stripe_customer_id": "cus_DuHNWznfBgds4z",
        "membership": null
    }
},
{
    "model": "memberships.usermembership",
    "pk": 6,
    "fields": {
        "user": [
            "f2ake223okay"
        ],
        "stripe_customer_id": "cus_DuHNx2gtI1cbQk",
        "membership": null
    }
},
{
    "model": "memberships.usermembership",
    "pk": 7,
    "fields": {
        "user": [
            "testaccount"
        ],
        "stripe_customer_id": "cus_Dv8peOeDipAWmd",
        "membership": null
    }
},
{
    "model": "memberships.usermembership",
    "pk": 8,
    "fields": {
        "user": [
            "bob"
        ],
        "stripe_customer_id": "cus_Dv8q8QXUkCtdin",
        "membership": null
    }
},
{
    "model": "memberships.usermembership",
    "pk": 9,
    "fields": {
        "user": [
            "bobbob"
        ],
        "stripe_customer_id": "cus_Dv8qQ1OLouvNJ3",
        "membership": 2
    }
},
{
    "model": "memberships.usermembership",
    "pk": 10,
    "fields": {
        "user": [
            "varun"
        ],
        "stripe_customer_id": "cus_DvU3Aw0PqVhynU",
        "membership": null
    }
},
{
    "model": "memberships.usermembership",
    "pk": 11,
    "fields": {
        "user": [
            "VarunJ"
        ],
        "stripe_customer_id": "cus_DvU4TMe3Z3nYDE",
        "membership": 2
    }
},
{
    "model": "memberships.usermembership",
    "pk": 12,
    "fields": {
        "user": [
            "MacDaddy"
        ],
        "stripe_customer_id": "cus_Dvtq4x4MfwzfgL",
        "membership": null
    }
},
{
    "model": "memberships.usermembership",
    "pk": 15,
    "fields": {
        "user": [
            "stemletics"
        ],
        "stripe_customer_id": "cus_Dwxz72AeDnoSHk",
        "membership": 3
    }
},
{
    "model": "memberships.usermembership",
    "pk": 16,
    "fields": {
        "user": [
            "gogle"
        ],
        "stripe_customer_id": "cus_DxhM1ZEZhzTq8R",
        "membership": 3
    }
},
{
    "model": "memberships.usermembership",
    "pk": 17,
    "fields": {
        "user": [
            "zeta"
        ],
        "stripe_customer_id": "cus_Dxom36QtQw6eSq",
        "membership": 4
    }
},
{
    "model": "memberships.usermembership",
    "pk": 18,
    "fields": {
        "user": [
            "AnonymousUser"
        ],
        "stripe_customer_id": "cus_DyoOthRxwC98yk",
        "membership": null
    }
},
{
    "model": "memberships.usermembership",
    "pk": 19,
    "fields": {
        "user": [
            "turkey"
        ],
        "stripe_customer_id": "cus_E1VvKCqFGDlDeA",
        "membership": null
    }
},
{
    "model": "memberships.usermembership",
    "pk": 20,
    "fields": {
        "user": [
            "another"
        ],
        "stripe_customer_id": "cus_E2GnsXqdqdsy7S",
        "membership": null
    }
},
{
    "model": "memberships.usermembership",
    "pk": 21,
    "fields": {
        "user": [
            "evan2235234"
        ],
        "stripe_customer_id": "cus_E2JRfAK122JkQu",
        "membership": null
    }
},
{
    "model": "memberships.usermembership",
    "pk": 22,
    "fields": {
        "user": [
            "kirkland2"
        ],
        "stripe_customer_id": "cus_EHzNIq5nSXBRou",
        "membership": null
    }
},
{
    "model": "memberships.usermembership",
    "pk": 23,
    "fields": {
        "user": [
            "jon232"
        ],
        "stripe_customer_id": "cus_EKXro43J5AoMiP",
        "membership": 2
    }
},
{
    "model": "memberships.usermembership",
    "pk": 24,
    "fields": {
        "user": [
            "stemletics16"
        ],
        "stripe_customer_id": "cus_EKZNCpibC5Ca7m",
        "membership": 2
    }
},
{
    "model": "memberships.subscription",
    "pk": "1",
    "fields": {
        "user_membership": 1,
        "stripe_subscription_id": "sub_EPWpdaSS6ew4vd",
        "active": true
    }
},
{
    "model": "memberships.subscription",
    "pk": "1ae5d684-38cc-47fd-852a-a0a0c4201b12",
    "fields": {
        "user_membership": 24,
        "stripe_subscription_id": "sub_EKZReInEqsQneP",
        "active": true
    }
},
{
    "model": "memberships.subscription",
    "pk": "2",
    "fields": {
        "user_membership": 9,
        "stripe_subscription_id": "sub_Dv8qruw43aURue",
        "active": false
    }
},
{
    "model": "memberships.subscription",
    "pk": "3",
    "fields": {
        "user_membership": 11,
        "stripe_subscription_id": "sub_DvU4PDjqVW1WPK",
        "active": true
    }
},
{
    "model": "memberships.subscription",
    "pk": "4",
    "fields": {
        "user_membership": 15,
        "stripe_subscription_id": "sub_DxFnUkWjrY6Dku",
        "active": true
    }
},
{
    "model": "memberships.subscription",
    "pk": "5",
    "fields": {
        "user_membership": 16,
        "stripe_subscription_id": "sub_DxohniKXYxShdU",
        "active": true
    }
},
{
    "model": "memberships.subscription",
    "pk": "6",
    "fields": {
        "user_membership": 17,
        "stripe_subscription_id": "sub_DzTwtswPiPzrvU",
        "active": false
    }
},
{
    "model": "memberships.subscription",
    "pk": "85e02c82-8760-4f79-98e8-8a67011695a3",
    "fields": {
        "user_membership": 23,
        "stripe_subscription_id": "sub_EKXsmZu7TMV7CM",
        "active": true
    }
},
{
    "model": "memberships.subscription",
    "pk": "94ba5d76-201f-4421-a2d9-d63c796e1c23",
    "fields": {
        "user_membership": 19,
        "stripe_subscription_id": "sub_E1Vwc4SGfLy6BF",
        "active": false
    }
},
{
    "model": "memberships.subscription",
    "pk": "c1a1d57b-7fca-4e25-93b3-b078e21006e8",
    "fields": {
        "user_membership": 2,
        "stripe_subscription_id": "sub_EKcwT1rOWSUgSL",
        "active": true
    }
},
{
    "model": "memberships.subscription",
    "pk": "c425d02a-70d7-4889-8be8-9d68277eb6d3",
    "fields": {
        "user_membership": 21,
        "stripe_subscription_id": "sub_E2JSQqon3xCk96",
        "active": false
    }
},
{
    "model": "memberships.transaction",
    "pk": "03c26332-735d-412b-8783-379e12003415",
    "fields": {
        "user": [
            "zeta"
        ],
        "subscription": "6",
        "amount": "318.00",
        "tax": null,
        "success": true,
        "timestamp": "2018-11-17T14:40:51.459Z"
    }
},
{
    "model": "memberships.transaction",
    "pk": "210fd03d-ecb0-4771-8563-79007f428cee",
    "fields": {
        "user": [
            "jon232"
        ],
        "subscription": "85e02c82-8760-4f79-98e8-8a67011695a3",
        "amount": "8.00",
        "tax": "0.48",
        "success": true,
        "timestamp": "2019-01-12T20:09:00.079Z"
    }
},
{
    "model": "memberships.transaction",
    "pk": "3bb40f9a-c17f-46f5-9247-6f7f3015bcaa",
    "fields": {
        "user": [
            "turkey"
        ],
        "subscription": "94ba5d76-201f-4421-a2d9-d63c796e1c23",
        "amount": "8.00",
        "tax": null,
        "success": true,
        "timestamp": "2018-11-23T00:52:58.418Z"
    }
},
{
    "model": "memberships.transaction",
    "pk": "4ec5d349-e69a-4693-9854-424c622a6ce7",
    "fields": {
        "user": [
            "tim"
        ],
        "subscription": "c1a1d57b-7fca-4e25-93b3-b078e21006e8",
        "amount": "8.00",
        "tax": "0.48",
        "success": true,
        "timestamp": "2019-01-13T01:23:08.039Z"
    }
},
{
    "model": "memberships.transaction",
    "pk": "59b34311-2922-4ef7-aa8c-3ec7779f5a38",
    "fields": {
        "user": [
            "dominicmazzola@gmail.com"
        ],
        "subscription": "1",
        "amount": "15.00",
        "tax": "0.90",
        "success": true,
        "timestamp": "2018-12-01T22:15:45.476Z"
    }
},
{
    "model": "memberships.transaction",
    "pk": "6246077c-cd46-4747-8177-e494f42143b9",
    "fields": {
        "user": [
            "dominicmazzola@gmail.com"
        ],
        "subscription": "1",
        "amount": "8.00",
        "tax": "0.00",
        "success": true,
        "timestamp": "2019-01-26T03:06:39.739Z"
    }
},
{
    "model": "memberships.transaction",
    "pk": "6f5348ce-415c-46d3-9acb-c73e4a606d7f",
    "fields": {
        "user": [
            "dominicmazzola@gmail.com"
        ],
        "subscription": "1",
        "amount": "8.00",
        "tax": "0.00",
        "success": true,
        "timestamp": "2019-01-26T02:55:29.403Z"
    }
},
{
    "model": "memberships.transaction",
    "pk": "86ab9bfc-49c7-4b42-85f4-72301219bfbe",
    "fields": {
        "user": [
            "dominicmazzola@gmail.com"
        ],
        "subscription": "1",
        "amount": "8.00",
        "tax": "0.00",
        "success": true,
        "timestamp": "2019-01-26T03:13:05.203Z"
    }
},
{
    "model": "memberships.transaction",
    "pk": "87926733-5841-4585-9035-20ce77f65162",
    "fields": {
        "user": [
            "evan2235234"
        ],
        "subscription": "c425d02a-70d7-4889-8be8-9d68277eb6d3",
        "amount": "8.00",
        "tax": null,
        "success": true,
        "timestamp": "2018-11-25T04:03:04.973Z"
    }
},
{
    "model": "memberships.transaction",
    "pk": "975fbc1e-61b7-47f8-9178-9b4ed489ddc5",
    "fields": {
        "user": [
            "dom2"
        ],
        "subscription": "6",
        "amount": "2.00",
        "tax": null,
        "success": true,
        "timestamp": "2018-11-15T03:22:02.705Z"
    }
},
{
    "model": "memberships.transaction",
    "pk": "981b1d23-2223-453a-93e4-02b6d4e7209c",
    "fields": {
        "user": [
            "dominicmazzola@gmail.com"
        ],
        "subscription": "1",
        "amount": "16.00",
        "tax": null,
        "success": true,
        "timestamp": "2018-11-22T23:13:44.494Z"
    }
},
{
    "model": "memberships.transaction",
    "pk": "b5635048-e9d8-46bd-9534-7b7aa5fef840",
    "fields": {
        "user": [
            "dominicmazzola@gmail.com"
        ],
        "subscription": "1",
        "amount": "8.00",
        "tax": "0.00",
        "success": true,
        "timestamp": "2019-01-26T03:23:32.545Z"
    }
},
{
    "model": "memberships.transaction",
    "pk": "bf9e1f1d-de55-42d4-8907-f8fcae0c624b",
    "fields": {
        "user": [
            "stemletics16"
        ],
        "subscription": "1ae5d684-38cc-47fd-852a-a0a0c4201b12",
        "amount": "8.00",
        "tax": "0.48",
        "success": true,
        "timestamp": "2019-01-12T21:45:38.919Z"
    }
},
{
    "model": "memberships.transaction",
    "pk": "c48da957-20a3-4f68-af0b-0c67e91833bf",
    "fields": {
        "user": [
            "dominicmazzola@gmail.com"
        ],
        "subscription": "1",
        "amount": "8.00",
        "tax": "0.48",
        "success": true,
        "timestamp": "2019-01-06T17:18:23.031Z"
    }
},
{
    "model": "memberships.transaction",
    "pk": "c4bd7dec-041e-4a2a-b329-01a0421e2872",
    "fields": {
        "user": [
            "dominicmazzola@gmail.com"
        ],
        "subscription": "2",
        "amount": "318.00",
        "tax": null,
        "success": true,
        "timestamp": "2018-11-15T03:27:54.752Z"
    }
},
{
    "model": "account.emailaddress",
    "pk": 1,
    "fields": {
        "user": [
            "testuser"
        ],
        "email": "dominicmazzola@gmail.com",
        "verified": false,
        "primary": false
    }
},
{
    "model": "account.emailaddress",
    "pk": 2,
    "fields": {
        "user": [
            "user1"
        ],
        "email": "dm@gmail.com",
        "verified": false,
        "primary": true
    }
},
{
    "model": "account.emailaddress",
    "pk": 3,
    "fields": {
        "user": [
            "user2"
        ],
        "email": "re@gmail.co",
        "verified": false,
        "primary": true
    }
},
{
    "model": "account.emailaddress",
    "pk": 4,
    "fields": {
        "user": [
            "user3"
        ],
        "email": "user@gmail.com",
        "verified": false,
        "primary": true
    }
},
{
    "model": "account.emailaddress",
    "pk": 5,
    "fields": {
        "user": [
            "user4"
        ],
        "email": "user4@gmail.com",
        "verified": false,
        "primary": true
    }
},
{
    "model": "account.emailaddress",
    "pk": 6,
    "fields": {
        "user": [
            "user5"
        ],
        "email": "user5@gmail.com",
        "verified": false,
        "primary": true
    }
},
{
    "model": "account.emailaddress",
    "pk": 7,
    "fields": {
        "user": [
            "mckendry"
        ],
        "email": "mc@gmail.com",
        "verified": false,
        "primary": true
    }
},
{
    "model": "account.emailaddress",
    "pk": 8,
    "fields": {
        "user": [
            "dom2"
        ],
        "email": "dom2@gmail.com",
        "verified": false,
        "primary": true
    }
},
{
    "model": "account.emailaddress",
    "pk": 9,
    "fields": {
        "user": [
            "dom3"
        ],
        "email": "do2222@gmail.com",
        "verified": false,
        "primary": true
    }
},
{
    "model": "account.emailaddress",
    "pk": 10,
    "fields": {
        "user": [
            "deek"
        ],
        "email": "mazzola@umich.edu",
        "verified": false,
        "primary": true
    }
},
{
    "model": "account.emailaddress",
    "pk": 11,
    "fields": {
        "user": [
            "tim"
        ],
        "email": "tim2123@gmail.com",
        "verified": false,
        "primary": true
    }
},
{
    "model": "account.emailaddress",
    "pk": 12,
    "fields": {
        "user": [
            "fae"
        ],
        "email": "fake@gmail.com",
        "verified": false,
        "primary": true
    }
},
{
    "model": "account.emailaddress",
    "pk": 13,
    "fields": {
        "user": [
            "fake223"
        ],
        "email": "f23ake2@gmai.com",
        "verified": false,
        "primary": true
    }
},
{
    "model": "account.emailaddress",
    "pk": 14,
    "fields": {
        "user": [
            "f2ake223"
        ],
        "email": "f23ak2e2@gmai.com",
        "verified": false,
        "primary": true
    }
},
{
    "model": "account.emailaddress",
    "pk": 15,
    "fields": {
        "user": [
            "f2ake223okay"
        ],
        "email": "kay@gmail.com",
        "verified": false,
        "primary": true
    }
},
{
    "model": "account.emailaddress",
    "pk": 16,
    "fields": {
        "user": [
            "testaccount"
        ],
        "email": "test222@gmail.com",
        "verified": false,
        "primary": true
    }
},
{
    "model": "account.emailaddress",
    "pk": 17,
    "fields": {
        "user": [
            "bob"
        ],
        "email": "bob@gmail.com",
        "verified": false,
        "primary": true
    }
},
{
    "model": "account.emailaddress",
    "pk": 18,
    "fields": {
        "user": [
            "bobbob"
        ],
        "email": "bob3@gmail.com",
        "verified": false,
        "primary": true
    }
},
{
    "model": "account.emailaddress",
    "pk": 19,
    "fields": {
        "user": [
            "varun"
        ],
        "email": "varun2@Gmail.com",
        "verified": false,
        "primary": true
    }
},
{
    "model": "account.emailaddress",
    "pk": 20,
    "fields": {
        "user": [
            "VarunJ"
        ],
        "email": "varunJ@Gmail.com",
        "verified": false,
        "primary": true
    }
},
{
    "model": "account.emailaddress",
    "pk": 21,
    "fields": {
        "user": [
            "MacDaddy"
        ],
        "email": "evansmckendry@gmail.com",
        "verified": false,
        "primary": true
    }
},
{
    "model": "account.emailaddress",
    "pk": 22,
    "fields": {
        "user": [
            "stemletics"
        ],
        "email": "stem@gmail.com",
        "verified": false,
        "primary": true
    }
},
{
    "model": "account.emailaddress",
    "pk": 23,
    "fields": {
        "user": [
            "gogle"
        ],
        "email": "google@gmail.com",
        "verified": false,
        "primary": true
    }
},
{
    "model": "account.emailaddress",
    "pk": 24,
    "fields": {
        "user": [
            "zeta"
        ],
        "email": "zeta@gmail.com",
        "verified": false,
        "primary": true
    }
},
{
    "model": "account.emailaddress",
    "pk": 25,
    "fields": {
        "user": [
            "turkey"
        ],
        "email": "turkey@gmail.com",
        "verified": false,
        "primary": true
    }
},
{
    "model": "account.emailaddress",
    "pk": 26,
    "fields": {
        "user": [
            "another"
        ],
        "email": "another@gmail.com",
        "verified": false,
        "primary": true
    }
},
{
    "model": "account.emailaddress",
    "pk": 27,
    "fields": {
        "user": [
            "evan2235234"
        ],
        "email": "evan@gmail.com",
        "verified": false,
        "primary": true
    }
},
{
    "model": "account.emailaddress",
    "pk": 28,
    "fields": {
        "user": [
            "kirkland2"
        ],
        "email": "domi22@gmail.com",
        "verified": false,
        "primary": true
    }
},
{
    "model": "account.emailaddress",
    "pk": 29,
    "fields": {
        "user": [
            "jon232"
        ],
        "email": "jon222@gmail.com",
        "verified": false,
        "primary": true
    }
},
{
    "model": "event.eventpage",
    "pk": 12,
    "fields": {
        "date": "2018-10-26",
        "intro": "Event",
        "body": "<p>We know the start of the school year can be tough.</p>",
        "location": "Flint, MI",
        "registerbuttonurl": "https://www.eventbrite.com/e/6th-8th-stem-basketball-camp-tickets-46867618308"
    }
},
{
    "model": "event.eventpage",
    "pk": 17,
    "fields": {
        "date": "2018-11-30",
        "intro": "Reading Event",
        "body": "<p>Come join us at our local reading and ball event!</p>",
        "location": "Flint, MI",
        "registerbuttonurl": ""
    }
},
{
    "model": "event.eventpage",
    "pk": 18,
    "fields": {
        "date": "2018-11-28",
        "intro": "Math Event",
        "body": "<p>Come Join us at our Math Event at Kettering!</p>",
        "location": "Flint, MI",
        "registerbuttonurl": ""
    }
},
{
    "model": "admin.logentry",
    "pk": 1,
    "fields": {
        "action_time": "2018-10-18T02:16:11.333Z",
        "user": [
            "dominicmazzola@gmail.com"
        ],
        "content_type": [
            "users",
            "profile"
        ],
        "object_id": "1",
        "object_repr": "dominicmazzola@gmail.com",
        "action_flag": 1,
        "change_message": "[{\"added\": {}}]"
    }
},
{
    "model": "admin.logentry",
    "pk": 2,
    "fields": {
        "action_time": "2018-10-18T03:44:05.304Z",
        "user": [
            "dominicmazzola@gmail.com"
        ],
        "content_type": [
            "portal",
            "product"
        ],
        "object_id": "1",
        "object_repr": "Basic",
        "action_flag": 1,
        "change_message": "[{\"added\": {}}]"
    }
},
{
    "model": "admin.logentry",
    "pk": 3,
    "fields": {
        "action_time": "2018-10-18T03:45:41.158Z",
        "user": [
            "dominicmazzola@gmail.com"
        ],
        "content_type": [
            "portal",
            "product"
        ],
        "object_id": "1",
        "object_repr": "Basic",
        "action_flag": 3,
        "change_message": ""
    }
},
{
    "model": "admin.logentry",
    "pk": 4,
    "fields": {
        "action_time": "2018-10-18T04:12:33.646Z",
        "user": [
            "dominicmazzola@gmail.com"
        ],
        "content_type": [
            "portal",
            "product"
        ],
        "object_id": "2",
        "object_repr": "Basic",
        "action_flag": 1,
        "change_message": "[{\"added\": {}}]"
    }
},
{
    "model": "admin.logentry",
    "pk": 5,
    "fields": {
        "action_time": "2018-10-18T04:12:47.593Z",
        "user": [
            "dominicmazzola@gmail.com"
        ],
        "content_type": [
            "portal",
            "product"
        ],
        "object_id": "3",
        "object_repr": "Premium",
        "action_flag": 1,
        "change_message": "[{\"added\": {}}]"
    }
},
{
    "model": "admin.logentry",
    "pk": 6,
    "fields": {
        "action_time": "2018-10-18T04:13:11.296Z",
        "user": [
            "dominicmazzola@gmail.com"
        ],
        "content_type": [
            "portal",
            "product"
        ],
        "object_id": "4",
        "object_repr": "Organization",
        "action_flag": 1,
        "change_message": "[{\"added\": {}}]"
    }
},
{
    "model": "admin.logentry",
    "pk": 7,
    "fields": {
        "action_time": "2018-10-18T14:41:35.384Z",
        "user": [
            "dominicmazzola@gmail.com"
        ],
        "content_type": [
            "users",
            "profile"
        ],
        "object_id": "1",
        "object_repr": "dominicmazzola@gmail.com",
        "action_flag": 2,
        "change_message": "[{\"changed\": {\"fields\": [\"image\"]}}]"
    }
},
{
    "model": "admin.logentry",
    "pk": 8,
    "fields": {
        "action_time": "2018-10-18T14:44:50.644Z",
        "user": [
            "dominicmazzola@gmail.com"
        ],
        "content_type": [
            "users",
            "user"
        ],
        "object_id": "3",
        "object_repr": "testuser",
        "action_flag": 1,
        "change_message": "[{\"added\": {}}]"
    }
},
{
    "model": "admin.logentry",
    "pk": 9,
    "fields": {
        "action_time": "2018-10-18T14:45:15.169Z",
        "user": [
            "dominicmazzola@gmail.com"
        ],
        "content_type": [
            "users",
            "user"
        ],
        "object_id": "3",
        "object_repr": "testuser",
        "action_flag": 2,
        "change_message": "[{\"changed\": {\"fields\": [\"name\", \"first_name\", \"last_name\", \"email\", \"last_login\"]}}]"
    }
},
{
    "model": "admin.logentry",
    "pk": 10,
    "fields": {
        "action_time": "2018-10-18T14:47:41.137Z",
        "user": [
            "dominicmazzola@gmail.com"
        ],
        "content_type": [
            "users",
            "user"
        ],
        "object_id": "3",
        "object_repr": "testuser",
        "action_flag": 2,
        "change_message": "[{\"changed\": {\"fields\": [\"is_superuser\"]}}]"
    }
},
{
    "model": "admin.logentry",
    "pk": 11,
    "fields": {
        "action_time": "2018-10-18T15:00:49.684Z",
        "user": [
            "dominicmazzola@gmail.com"
        ],
        "content_type": [
            "portal",
            "product"
        ],
        "object_id": "4",
        "object_repr": "Organization",
        "action_flag": 3,
        "change_message": ""
    }
},
{
    "model": "admin.logentry",
    "pk": 12,
    "fields": {
        "action_time": "2018-10-18T15:00:49.689Z",
        "user": [
            "dominicmazzola@gmail.com"
        ],
        "content_type": [
            "portal",
            "product"
        ],
        "object_id": "3",
        "object_repr": "Premium",
        "action_flag": 3,
        "change_message": ""
    }
},
{
    "model": "admin.logentry",
    "pk": 13,
    "fields": {
        "action_time": "2018-10-18T15:00:49.694Z",
        "user": [
            "dominicmazzola@gmail.com"
        ],
        "content_type": [
            "portal",
            "product"
        ],
        "object_id": "2",
        "object_repr": "Basic",
        "action_flag": 3,
        "change_message": ""
    }
},
{
    "model": "admin.logentry",
    "pk": 14,
    "fields": {
        "action_time": "2018-10-18T15:03:31.997Z",
        "user": [
            "dominicmazzola@gmail.com"
        ],
        "content_type": [
            "portal",
            "product"
        ],
        "object_id": "5",
        "object_repr": "Basic",
        "action_flag": 1,
        "change_message": "[{\"added\": {}}]"
    }
},
{
    "model": "admin.logentry",
    "pk": 15,
    "fields": {
        "action_time": "2018-10-18T15:03:57.782Z",
        "user": [
            "dominicmazzola@gmail.com"
        ],
        "content_type": [
            "portal",
            "product"
        ],
        "object_id": "6",
        "object_repr": "Premium",
        "action_flag": 1,
        "change_message": "[{\"added\": {}}]"
    }
},
{
    "model": "admin.logentry",
    "pk": 16,
    "fields": {
        "action_time": "2018-10-18T15:04:31.979Z",
        "user": [
            "dominicmazzola@gmail.com"
        ],
        "content_type": [
            "portal",
            "product"
        ],
        "object_id": "7",
        "object_repr": "Organization",
        "action_flag": 1,
        "change_message": "[{\"added\": {}}]"
    }
},
{
    "model": "admin.logentry",
    "pk": 17,
    "fields": {
        "action_time": "2018-10-18T15:18:07.387Z",
        "user": [
            "dominicmazzola@gmail.com"
        ],
        "content_type": [
            "portal",
            "product"
        ],
        "object_id": "7",
        "object_repr": "Organization",
        "action_flag": 2,
        "change_message": "[{\"changed\": {\"fields\": [\"cost\"]}}]"
    }
},
{
    "model": "admin.logentry",
    "pk": 18,
    "fields": {
        "action_time": "2018-10-18T15:18:33.313Z",
        "user": [
            "dominicmazzola@gmail.com"
        ],
        "content_type": [
            "portal",
            "product"
        ],
        "object_id": "7",
        "object_repr": "Organization",
        "action_flag": 2,
        "change_message": "[]"
    }
},
{
    "model": "admin.logentry",
    "pk": 19,
    "fields": {
        "action_time": "2018-10-18T15:18:37.488Z",
        "user": [
            "dominicmazzola@gmail.com"
        ],
        "content_type": [
            "portal",
            "product"
        ],
        "object_id": "6",
        "object_repr": "Premium",
        "action_flag": 2,
        "change_message": "[{\"changed\": {\"fields\": [\"price\"]}}]"
    }
},
{
    "model": "admin.logentry",
    "pk": 20,
    "fields": {
        "action_time": "2018-10-18T15:18:41.017Z",
        "user": [
            "dominicmazzola@gmail.com"
        ],
        "content_type": [
            "portal",
            "product"
        ],
        "object_id": "5",
        "object_repr": "Basic",
        "action_flag": 2,
        "change_message": "[{\"changed\": {\"fields\": [\"price\"]}}]"
    }
},
{
    "model": "admin.logentry",
    "pk": 21,
    "fields": {
        "action_time": "2018-10-18T16:17:54.800Z",
        "user": [
            "dominicmazzola@gmail.com"
        ],
        "content_type": [
            "portal",
            "product"
        ],
        "object_id": "5",
        "object_repr": "Basic",
        "action_flag": 2,
        "change_message": "[]"
    }
},
{
    "model": "admin.logentry",
    "pk": 22,
    "fields": {
        "action_time": "2018-10-18T16:19:17.986Z",
        "user": [
            "dominicmazzola@gmail.com"
        ],
        "content_type": [
            "users",
            "profile"
        ],
        "object_id": "1",
        "object_repr": "dominicmazzola@gmail.com",
        "action_flag": 3,
        "change_message": ""
    }
},
{
    "model": "admin.logentry",
    "pk": 23,
    "fields": {
        "action_time": "2018-10-18T16:19:52.971Z",
        "user": [
            "dominicmazzola@gmail.com"
        ],
        "content_type": [
            "users",
            "profile"
        ],
        "object_id": "2",
        "object_repr": "dominicmazzola@gmail.com",
        "action_flag": 1,
        "change_message": "[{\"added\": {}}]"
    }
},
{
    "model": "admin.logentry",
    "pk": 24,
    "fields": {
        "action_time": "2018-10-18T16:23:58.902Z",
        "user": [
            "dominicmazzola@gmail.com"
        ],
        "content_type": [
            "users",
            "profile"
        ],
        "object_id": "3",
        "object_repr": "testuser",
        "action_flag": 1,
        "change_message": "[{\"added\": {}}]"
    }
},
{
    "model": "admin.logentry",
    "pk": 25,
    "fields": {
        "action_time": "2018-10-18T19:59:02.820Z",
        "user": [
            "dominicmazzola@gmail.com"
        ],
        "content_type": [
            "checkout",
            "orderitem"
        ],
        "object_id": "6",
        "object_repr": "None",
        "action_flag": 3,
        "change_message": ""
    }
},
{
    "model": "admin.logentry",
    "pk": 26,
    "fields": {
        "action_time": "2018-10-19T06:35:50.332Z",
        "user": [
            "dominicmazzola@gmail.com"
        ],
        "content_type": [
            "portal",
            "product"
        ],
        "object_id": "7",
        "object_repr": "Organization",
        "action_flag": 2,
        "change_message": "[{\"changed\": {\"fields\": [\"image\", \"group_type\"]}}]"
    }
},
{
    "model": "admin.logentry",
    "pk": 27,
    "fields": {
        "action_time": "2018-10-19T06:36:05.030Z",
        "user": [
            "dominicmazzola@gmail.com"
        ],
        "content_type": [
            "portal",
            "product"
        ],
        "object_id": "6",
        "object_repr": "Premium",
        "action_flag": 2,
        "change_message": "[{\"changed\": {\"fields\": [\"image\", \"group_type\"]}}]"
    }
},
{
    "model": "admin.logentry",
    "pk": 28,
    "fields": {
        "action_time": "2018-10-21T04:40:41.965Z",
        "user": [
            "dominicmazzola@gmail.com"
        ],
        "content_type": [
            "users",
            "user"
        ],
        "object_id": "2",
        "object_repr": "dominicmazzola@gmail.com",
        "action_flag": 2,
        "change_message": "[{\"changed\": {\"fields\": [\"images\"]}}]"
    }
},
{
    "model": "admin.logentry",
    "pk": 29,
    "fields": {
        "action_time": "2018-11-03T01:57:01.416Z",
        "user": [
            "dominicmazzola@gmail.com"
        ],
        "content_type": [
            "memberships",
            "membership"
        ],
        "object_id": "1",
        "object_repr": "Free",
        "action_flag": 1,
        "change_message": "[{\"added\": {}}]"
    }
},
{
    "model": "admin.logentry",
    "pk": 30,
    "fields": {
        "action_time": "2018-11-03T01:58:30.221Z",
        "user": [
            "dominicmazzola@gmail.com"
        ],
        "content_type": [
            "memberships",
            "membership"
        ],
        "object_id": "2",
        "object_repr": "BASIC",
        "action_flag": 1,
        "change_message": "[{\"added\": {}}]"
    }
},
{
    "model": "admin.logentry",
    "pk": 31,
    "fields": {
        "action_time": "2018-11-03T05:30:36.741Z",
        "user": [
            "dominicmazzola@gmail.com"
        ],
        "content_type": [
            "portal",
            "course"
        ],
        "object_id": "1",
        "object_repr": "3rd Grade",
        "action_flag": 1,
        "change_message": "[{\"added\": {}}]"
    }
},
{
    "model": "admin.logentry",
    "pk": 32,
    "fields": {
        "action_time": "2018-11-03T05:31:10.924Z",
        "user": [
            "dominicmazzola@gmail.com"
        ],
        "content_type": [
            "portal",
            "lesson"
        ],
        "object_id": "1",
        "object_repr": "first lesson",
        "action_flag": 1,
        "change_message": "[{\"added\": {}}]"
    }
},
{
    "model": "admin.logentry",
    "pk": 33,
    "fields": {
        "action_time": "2018-11-03T16:42:51.472Z",
        "user": [
            "dominicmazzola@gmail.com"
        ],
        "content_type": [
            "portal",
            "course"
        ],
        "object_id": "1",
        "object_repr": "3rd Grade",
        "action_flag": 2,
        "change_message": "[]"
    }
},
{
    "model": "admin.logentry",
    "pk": 34,
    "fields": {
        "action_time": "2018-11-03T16:52:22.013Z",
        "user": [
            "dominicmazzola@gmail.com"
        ],
        "content_type": [
            "portal",
            "course"
        ],
        "object_id": "1",
        "object_repr": "3rd Grade",
        "action_flag": 2,
        "change_message": "[]"
    }
},
{
    "model": "admin.logentry",
    "pk": 35,
    "fields": {
        "action_time": "2018-11-03T16:59:49.100Z",
        "user": [
            "dominicmazzola@gmail.com"
        ],
        "content_type": [
            "memberships",
            "usermembership"
        ],
        "object_id": "1",
        "object_repr": "dominicmazzola@gmail.com",
        "action_flag": 2,
        "change_message": "[{\"changed\": {\"fields\": [\"membership\"]}}]"
    }
},
{
    "model": "admin.logentry",
    "pk": 36,
    "fields": {
        "action_time": "2018-11-03T17:16:14.067Z",
        "user": [
            "dominicmazzola@gmail.com"
        ],
        "content_type": [
            "memberships",
            "usermembership"
        ],
        "object_id": "1",
        "object_repr": "dominicmazzola@gmail.com",
        "action_flag": 2,
        "change_message": "[]"
    }
},
{
    "model": "admin.logentry",
    "pk": 37,
    "fields": {
        "action_time": "2018-11-03T20:40:23.340Z",
        "user": [
            "dominicmazzola@gmail.com"
        ],
        "content_type": [
            "memberships",
            "membership"
        ],
        "object_id": "3",
        "object_repr": "PREMIUM",
        "action_flag": 1,
        "change_message": "[{\"added\": {}}]"
    }
},
{
    "model": "admin.logentry",
    "pk": 38,
    "fields": {
        "action_time": "2018-11-04T16:07:19.765Z",
        "user": [
            "dominicmazzola@gmail.com"
        ],
        "content_type": [
            "memberships",
            "subscription"
        ],
        "object_id": "1",
        "object_repr": "dominicmazzola@gmail.com",
        "action_flag": 1,
        "change_message": "[{\"added\": {}}]"
    }
},
{
    "model": "admin.logentry",
    "pk": 39,
    "fields": {
        "action_time": "2018-11-04T16:07:29.292Z",
        "user": [
            "dominicmazzola@gmail.com"
        ],
        "content_type": [
            "memberships",
            "usermembership"
        ],
        "object_id": "1",
        "object_repr": "dominicmazzola@gmail.com",
        "action_flag": 2,
        "change_message": "[{\"changed\": {\"fields\": [\"membership\"]}}]"
    }
},
{
    "model": "admin.logentry",
    "pk": 40,
    "fields": {
        "action_time": "2018-11-06T00:34:55.397Z",
        "user": [
            "dominicmazzola@gmail.com"
        ],
        "content_type": [
            "memberships",
            "membership"
        ],
        "object_id": "2",
        "object_repr": "BASIC",
        "action_flag": 2,
        "change_message": "[{\"changed\": {\"fields\": [\"stripe_plan_id\"]}}]"
    }
},
{
    "model": "admin.logentry",
    "pk": 41,
    "fields": {
        "action_time": "2018-11-06T00:35:14.945Z",
        "user": [
            "dominicmazzola@gmail.com"
        ],
        "content_type": [
            "memberships",
            "membership"
        ],
        "object_id": "3",
        "object_repr": "PREMIUM",
        "action_flag": 2,
        "change_message": "[{\"changed\": {\"fields\": [\"stripe_plan_id\"]}}]"
    }
},
{
    "model": "admin.logentry",
    "pk": 42,
    "fields": {
        "action_time": "2018-11-06T23:08:21.380Z",
        "user": [
            "dominicmazzola@gmail.com"
        ],
        "content_type": [
            "portal",
            "course"
        ],
        "object_id": "2",
        "object_repr": "4. Fourth Lesson",
        "action_flag": 1,
        "change_message": "[{\"added\": {}}]"
    }
},
{
    "model": "admin.logentry",
    "pk": 43,
    "fields": {
        "action_time": "2018-11-07T23:56:40.204Z",
        "user": [
            "dominicmazzola@gmail.com"
        ],
        "content_type": [
            "portal",
            "course"
        ],
        "object_id": "2",
        "object_repr": "Fourth Grade Lessons",
        "action_flag": 2,
        "change_message": "[{\"changed\": {\"fields\": [\"title\"]}}]"
    }
},
{
    "model": "admin.logentry",
    "pk": 44,
    "fields": {
        "action_time": "2018-11-07T23:56:51.252Z",
        "user": [
            "dominicmazzola@gmail.com"
        ],
        "content_type": [
            "portal",
            "course"
        ],
        "object_id": "2",
        "object_repr": "Fourth Grade Lessons",
        "action_flag": 2,
        "change_message": "[{\"changed\": {\"fields\": [\"slug\"]}}]"
    }
},
{
    "model": "admin.logentry",
    "pk": 45,
    "fields": {
        "action_time": "2018-11-08T00:39:17.475Z",
        "user": [
            "dominicmazzola@gmail.com"
        ],
        "content_type": [
            "portal",
            "course"
        ],
        "object_id": "1",
        "object_repr": "3rd Grade",
        "action_flag": 2,
        "change_message": "[{\"changed\": {\"fields\": [\"allowed_memberships\"]}}]"
    }
},
{
    "model": "admin.logentry",
    "pk": 46,
    "fields": {
        "action_time": "2018-11-08T00:39:26.942Z",
        "user": [
            "dominicmazzola@gmail.com"
        ],
        "content_type": [
            "portal",
            "course"
        ],
        "object_id": "1",
        "object_repr": "3Rd Grade Lessons",
        "action_flag": 2,
        "change_message": "[{\"changed\": {\"fields\": [\"title\"]}}]"
    }
},
{
    "model": "admin.logentry",
    "pk": 47,
    "fields": {
        "action_time": "2018-11-08T00:39:34.003Z",
        "user": [
            "dominicmazzola@gmail.com"
        ],
        "content_type": [
            "portal",
            "course"
        ],
        "object_id": "1",
        "object_repr": "Third Grade Lessons",
        "action_flag": 2,
        "change_message": "[{\"changed\": {\"fields\": [\"title\"]}}]"
    }
},
{
    "model": "admin.logentry",
    "pk": 48,
    "fields": {
        "action_time": "2018-11-08T00:47:49.897Z",
        "user": [
            "dominicmazzola@gmail.com"
        ],
        "content_type": [
            "portal",
            "course"
        ],
        "object_id": "3",
        "object_repr": "Fifth Grade Lesson",
        "action_flag": 1,
        "change_message": "[{\"added\": {}}]"
    }
},
{
    "model": "admin.logentry",
    "pk": 49,
    "fields": {
        "action_time": "2018-11-08T00:48:15.667Z",
        "user": [
            "dominicmazzola@gmail.com"
        ],
        "content_type": [
            "portal",
            "course"
        ],
        "object_id": "4",
        "object_repr": "Sixth  Grade Lesson",
        "action_flag": 1,
        "change_message": "[{\"added\": {}}]"
    }
},
{
    "model": "admin.logentry",
    "pk": 50,
    "fields": {
        "action_time": "2018-11-08T00:48:39.925Z",
        "user": [
            "dominicmazzola@gmail.com"
        ],
        "content_type": [
            "portal",
            "course"
        ],
        "object_id": "5",
        "object_repr": "Seventh  Grade Lesson",
        "action_flag": 1,
        "change_message": "[{\"added\": {}}]"
    }
},
{
    "model": "admin.logentry",
    "pk": 51,
    "fields": {
        "action_time": "2018-11-08T00:49:18.879Z",
        "user": [
            "dominicmazzola@gmail.com"
        ],
        "content_type": [
            "portal",
            "course"
        ],
        "object_id": "6",
        "object_repr": "Eighth",
        "action_flag": 1,
        "change_message": "[{\"added\": {}}]"
    }
},
{
    "model": "admin.logentry",
    "pk": 52,
    "fields": {
        "action_time": "2018-11-08T00:49:25.298Z",
        "user": [
            "dominicmazzola@gmail.com"
        ],
        "content_type": [
            "portal",
            "course"
        ],
        "object_id": "6",
        "object_repr": "Eighth  Grade Lesson",
        "action_flag": 2,
        "change_message": "[{\"changed\": {\"fields\": [\"title\"]}}]"
    }
},
{
    "model": "admin.logentry",
    "pk": 53,
    "fields": {
        "action_time": "2018-11-09T20:46:57.392Z",
        "user": [
            "dominicmazzola@gmail.com"
        ],
        "content_type": [
            "memberships",
            "membership"
        ],
        "object_id": "3",
        "object_repr": "Free",
        "action_flag": 2,
        "change_message": "[{\"changed\": {\"fields\": [\"membership_type\"]}}]"
    }
},
{
    "model": "admin.logentry",
    "pk": 54,
    "fields": {
        "action_time": "2018-11-09T20:47:03.102Z",
        "user": [
            "dominicmazzola@gmail.com"
        ],
        "content_type": [
            "memberships",
            "membership"
        ],
        "object_id": "3",
        "object_repr": "Free",
        "action_flag": 2,
        "change_message": "[{\"changed\": {\"fields\": [\"membership_type\"]}}]"
    }
},
{
    "model": "admin.logentry",
    "pk": 55,
    "fields": {
        "action_time": "2018-11-09T20:47:03.138Z",
        "user": [
            "dominicmazzola@gmail.com"
        ],
        "content_type": [
            "memberships",
            "membership"
        ],
        "object_id": "3",
        "object_repr": "Free",
        "action_flag": 2,
        "change_message": "[{\"changed\": {\"fields\": [\"membership_type\"]}}]"
    }
},
{
    "model": "admin.logentry",
    "pk": 56,
    "fields": {
        "action_time": "2018-11-09T20:47:15.861Z",
        "user": [
            "dominicmazzola@gmail.com"
        ],
        "content_type": [
            "memberships",
            "membership"
        ],
        "object_id": "3",
        "object_repr": "Premium",
        "action_flag": 2,
        "change_message": "[{\"changed\": {\"fields\": [\"membership_type\"]}}]"
    }
},
{
    "model": "admin.logentry",
    "pk": 57,
    "fields": {
        "action_time": "2018-11-09T20:47:25.353Z",
        "user": [
            "dominicmazzola@gmail.com"
        ],
        "content_type": [
            "memberships",
            "membership"
        ],
        "object_id": "2",
        "object_repr": "Basic",
        "action_flag": 2,
        "change_message": "[{\"changed\": {\"fields\": [\"membership_type\"]}}]"
    }
},
{
    "model": "admin.logentry",
    "pk": 58,
    "fields": {
        "action_time": "2018-11-09T20:48:31.298Z",
        "user": [
            "dominicmazzola@gmail.com"
        ],
        "content_type": [
            "memberships",
            "membership"
        ],
        "object_id": "4",
        "object_repr": "Enterprise",
        "action_flag": 1,
        "change_message": "[{\"added\": {}}]"
    }
},
{
    "model": "admin.logentry",
    "pk": 59,
    "fields": {
        "action_time": "2018-11-09T20:51:16.927Z",
        "user": [
            "dominicmazzola@gmail.com"
        ],
        "content_type": [
            "memberships",
            "membership"
        ],
        "object_id": "1",
        "object_repr": "Free",
        "action_flag": 2,
        "change_message": "[]"
    }
},
{
    "model": "admin.logentry",
    "pk": 60,
    "fields": {
        "action_time": "2018-11-09T23:06:36.939Z",
        "user": [
            "dominicmazzola@gmail.com"
        ],
        "content_type": [
            "memberships",
            "membership"
        ],
        "object_id": "1",
        "object_repr": "Free",
        "action_flag": 3,
        "change_message": ""
    }
},
{
    "model": "admin.logentry",
    "pk": 61,
    "fields": {
        "action_time": "2018-11-10T21:29:13.446Z",
        "user": [
            "dominicmazzola@gmail.com"
        ],
        "content_type": [
            "memberships",
            "membership"
        ],
        "object_id": "2",
        "object_repr": "Basic",
        "action_flag": 2,
        "change_message": "[{\"changed\": {\"fields\": [\"price\"]}}]"
    }
},
{
    "model": "admin.logentry",
    "pk": 62,
    "fields": {
        "action_time": "2018-11-10T21:29:17.360Z",
        "user": [
            "dominicmazzola@gmail.com"
        ],
        "content_type": [
            "memberships",
            "membership"
        ],
        "object_id": "3",
        "object_repr": "Premium",
        "action_flag": 2,
        "change_message": "[{\"changed\": {\"fields\": [\"price\"]}}]"
    }
},
{
    "model": "admin.logentry",
    "pk": 63,
    "fields": {
        "action_time": "2018-11-10T21:29:25.269Z",
        "user": [
            "dominicmazzola@gmail.com"
        ],
        "content_type": [
            "memberships",
            "membership"
        ],
        "object_id": "4",
        "object_repr": "Enterprise",
        "action_flag": 2,
        "change_message": "[{\"changed\": {\"fields\": [\"price\"]}}]"
    }
},
{
    "model": "admin.logentry",
    "pk": 64,
    "fields": {
        "action_time": "2018-11-10T22:04:29.097Z",
        "user": [
            "dominicmazzola@gmail.com"
        ],
        "content_type": [
            "memberships",
            "membership"
        ],
        "object_id": "4",
        "object_repr": "Enterprise",
        "action_flag": 2,
        "change_message": "[{\"changed\": {\"fields\": [\"price\", \"stripe_price\"]}}]"
    }
},
{
    "model": "admin.logentry",
    "pk": 65,
    "fields": {
        "action_time": "2018-11-10T22:04:38.932Z",
        "user": [
            "dominicmazzola@gmail.com"
        ],
        "content_type": [
            "memberships",
            "membership"
        ],
        "object_id": "3",
        "object_repr": "Premium",
        "action_flag": 2,
        "change_message": "[{\"changed\": {\"fields\": [\"price\", \"stripe_price\"]}}]"
    }
},
{
    "model": "admin.logentry",
    "pk": 66,
    "fields": {
        "action_time": "2018-11-10T22:06:05.947Z",
        "user": [
            "dominicmazzola@gmail.com"
        ],
        "content_type": [
            "memberships",
            "membership"
        ],
        "object_id": "2",
        "object_repr": "Basic",
        "action_flag": 2,
        "change_message": "[{\"changed\": {\"fields\": [\"price\"]}}]"
    }
},
{
    "model": "admin.logentry",
    "pk": 67,
    "fields": {
        "action_time": "2018-11-10T22:06:09.558Z",
        "user": [
            "dominicmazzola@gmail.com"
        ],
        "content_type": [
            "memberships",
            "membership"
        ],
        "object_id": "3",
        "object_repr": "Premium",
        "action_flag": 2,
        "change_message": "[]"
    }
},
{
    "model": "admin.logentry",
    "pk": 68,
    "fields": {
        "action_time": "2018-11-10T22:06:13.009Z",
        "user": [
            "dominicmazzola@gmail.com"
        ],
        "content_type": [
            "memberships",
            "membership"
        ],
        "object_id": "4",
        "object_repr": "Enterprise",
        "action_flag": 2,
        "change_message": "[]"
    }
},
{
    "model": "admin.logentry",
    "pk": 69,
    "fields": {
        "action_time": "2018-11-10T22:29:02.307Z",
        "user": [
            "dominicmazzola@gmail.com"
        ],
        "content_type": [
            "memberships",
            "membership"
        ],
        "object_id": "2",
        "object_repr": "Basic",
        "action_flag": 2,
        "change_message": "[{\"changed\": {\"fields\": [\"tax\", \"total\"]}}]"
    }
},
{
    "model": "admin.logentry",
    "pk": 70,
    "fields": {
        "action_time": "2018-11-10T22:29:17.453Z",
        "user": [
            "dominicmazzola@gmail.com"
        ],
        "content_type": [
            "memberships",
            "membership"
        ],
        "object_id": "3",
        "object_repr": "Premium",
        "action_flag": 2,
        "change_message": "[{\"changed\": {\"fields\": [\"tax\", \"total\"]}}]"
    }
},
{
    "model": "admin.logentry",
    "pk": 71,
    "fields": {
        "action_time": "2018-11-10T22:29:31.776Z",
        "user": [
            "dominicmazzola@gmail.com"
        ],
        "content_type": [
            "memberships",
            "membership"
        ],
        "object_id": "4",
        "object_repr": "Enterprise",
        "action_flag": 2,
        "change_message": "[{\"changed\": {\"fields\": [\"tax\", \"total\"]}}]"
    }
},
{
    "model": "admin.logentry",
    "pk": 72,
    "fields": {
        "action_time": "2018-11-11T06:46:31.542Z",
        "user": [
            "dominicmazzola@gmail.com"
        ],
        "content_type": [
            "memberships",
            "membership"
        ],
        "object_id": "2",
        "object_repr": "Basic",
        "action_flag": 2,
        "change_message": "[{\"changed\": {\"fields\": [\"total\"]}}]"
    }
},
{
    "model": "admin.logentry",
    "pk": 73,
    "fields": {
        "action_time": "2018-11-11T06:58:34.745Z",
        "user": [
            "dominicmazzola@gmail.com"
        ],
        "content_type": [
            "memberships",
            "membership"
        ],
        "object_id": "4",
        "object_repr": "Enterprise",
        "action_flag": 2,
        "change_message": "[{\"changed\": {\"fields\": [\"total\"]}}]"
    }
},
{
    "model": "admin.logentry",
    "pk": 74,
    "fields": {
        "action_time": "2018-11-11T06:58:39.556Z",
        "user": [
            "dominicmazzola@gmail.com"
        ],
        "content_type": [
            "memberships",
            "membership"
        ],
        "object_id": "4",
        "object_repr": "Enterprise",
        "action_flag": 2,
        "change_message": "[]"
    }
},
{
    "model": "admin.logentry",
    "pk": 75,
    "fields": {
        "action_time": "2018-11-11T06:59:36.724Z",
        "user": [
            "dominicmazzola@gmail.com"
        ],
        "content_type": [
            "memberships",
            "membership"
        ],
        "object_id": "4",
        "object_repr": "Enterprise",
        "action_flag": 2,
        "change_message": "[{\"changed\": {\"fields\": [\"total\"]}}]"
    }
},
{
    "model": "admin.logentry",
    "pk": 76,
    "fields": {
        "action_time": "2018-11-11T15:53:08.576Z",
        "user": [
            "dominicmazzola@gmail.com"
        ],
        "content_type": [
            "memberships",
            "usermembership"
        ],
        "object_id": "15",
        "object_repr": "stemletics",
        "action_flag": 2,
        "change_message": "[{\"changed\": {\"fields\": [\"membership\"]}}]"
    }
},
{
    "model": "admin.logentry",
    "pk": 77,
    "fields": {
        "action_time": "2018-11-11T15:53:52.363Z",
        "user": [
            "dominicmazzola@gmail.com"
        ],
        "content_type": [
            "memberships",
            "usermembership"
        ],
        "object_id": "15",
        "object_repr": "stemletics",
        "action_flag": 2,
        "change_message": "[{\"changed\": {\"fields\": [\"membership\"]}}]"
    }
},
{
    "model": "admin.logentry",
    "pk": 78,
    "fields": {
        "action_time": "2018-11-11T15:53:57.744Z",
        "user": [
            "dominicmazzola@gmail.com"
        ],
        "content_type": [
            "memberships",
            "usermembership"
        ],
        "object_id": "15",
        "object_repr": "stemletics",
        "action_flag": 2,
        "change_message": "[]"
    }
},
{
    "model": "admin.logentry",
    "pk": 79,
    "fields": {
        "action_time": "2018-11-11T15:53:59.873Z",
        "user": [
            "dominicmazzola@gmail.com"
        ],
        "content_type": [
            "memberships",
            "usermembership"
        ],
        "object_id": "15",
        "object_repr": "stemletics",
        "action_flag": 2,
        "change_message": "[]"
    }
},
{
    "model": "admin.logentry",
    "pk": 80,
    "fields": {
        "action_time": "2018-11-11T15:54:32.400Z",
        "user": [
            "dominicmazzola@gmail.com"
        ],
        "content_type": [
            "memberships",
            "usermembership"
        ],
        "object_id": "1",
        "object_repr": "dominicmazzola@gmail.com",
        "action_flag": 2,
        "change_message": "[{\"changed\": {\"fields\": [\"membership\"]}}]"
    }
},
{
    "model": "admin.logentry",
    "pk": 81,
    "fields": {
        "action_time": "2018-11-11T15:55:21.842Z",
        "user": [
            "dominicmazzola@gmail.com"
        ],
        "content_type": [
            "memberships",
            "subscription"
        ],
        "object_id": "1",
        "object_repr": "dominicmazzola@gmail.com",
        "action_flag": 2,
        "change_message": "[{\"changed\": {\"fields\": [\"stripe_subscription_id\"]}}]"
    }
},
{
    "model": "admin.logentry",
    "pk": 82,
    "fields": {
        "action_time": "2018-11-11T16:21:12.739Z",
        "user": [
            "dominicmazzola@gmail.com"
        ],
        "content_type": [
            "memberships",
            "usermembership"
        ],
        "object_id": "1",
        "object_repr": "dominicmazzola@gmail.com",
        "action_flag": 2,
        "change_message": "[{\"changed\": {\"fields\": [\"membership\"]}}]"
    }
},
{
    "model": "admin.logentry",
    "pk": 83,
    "fields": {
        "action_time": "2018-11-12T00:50:19.668Z",
        "user": [
            "dominicmazzola@gmail.com"
        ],
        "content_type": [
            "portal",
            "lesson"
        ],
        "object_id": "2",
        "object_repr": "Reading 101",
        "action_flag": 1,
        "change_message": "[{\"added\": {}}]"
    }
},
{
    "model": "admin.logentry",
    "pk": 84,
    "fields": {
        "action_time": "2018-11-12T00:51:12.237Z",
        "user": [
            "dominicmazzola@gmail.com"
        ],
        "content_type": [
            "portal",
            "lesson"
        ],
        "object_id": "3",
        "object_repr": "Math 101",
        "action_flag": 1,
        "change_message": "[{\"added\": {}}]"
    }
},
{
    "model": "admin.logentry",
    "pk": 85,
    "fields": {
        "action_time": "2018-11-12T00:51:41.852Z",
        "user": [
            "dominicmazzola@gmail.com"
        ],
        "content_type": [
            "portal",
            "lesson"
        ],
        "object_id": "1",
        "object_repr": "Science 101",
        "action_flag": 2,
        "change_message": "[{\"changed\": {\"fields\": [\"slug\", \"title\"]}}]"
    }
},
{
    "model": "admin.logentry",
    "pk": 86,
    "fields": {
        "action_time": "2018-11-12T00:52:15.565Z",
        "user": [
            "dominicmazzola@gmail.com"
        ],
        "content_type": [
            "portal",
            "lesson"
        ],
        "object_id": "4",
        "object_repr": "Basketball 101",
        "action_flag": 1,
        "change_message": "[{\"added\": {}}]"
    }
},
{
    "model": "admin.logentry",
    "pk": 87,
    "fields": {
        "action_time": "2018-11-12T01:14:51.339Z",
        "user": [
            "dominicmazzola@gmail.com"
        ],
        "content_type": [
            "portal",
            "course"
        ],
        "object_id": "6",
        "object_repr": "Eighth Grade Course",
        "action_flag": 2,
        "change_message": "[{\"changed\": {\"fields\": [\"title\"]}}]"
    }
},
{
    "model": "admin.logentry",
    "pk": 88,
    "fields": {
        "action_time": "2018-11-12T01:15:01.895Z",
        "user": [
            "dominicmazzola@gmail.com"
        ],
        "content_type": [
            "portal",
            "course"
        ],
        "object_id": "5",
        "object_repr": "Seventh Grade Course",
        "action_flag": 2,
        "change_message": "[{\"changed\": {\"fields\": [\"title\"]}}]"
    }
},
{
    "model": "admin.logentry",
    "pk": 89,
    "fields": {
        "action_time": "2018-11-12T01:15:10.126Z",
        "user": [
            "dominicmazzola@gmail.com"
        ],
        "content_type": [
            "portal",
            "course"
        ],
        "object_id": "2",
        "object_repr": "Fourth Grade Course",
        "action_flag": 2,
        "change_message": "[{\"changed\": {\"fields\": [\"title\"]}}]"
    }
},
{
    "model": "admin.logentry",
    "pk": 90,
    "fields": {
        "action_time": "2018-11-12T01:15:16.458Z",
        "user": [
            "dominicmazzola@gmail.com"
        ],
        "content_type": [
            "portal",
            "course"
        ],
        "object_id": "3",
        "object_repr": "Fifth Grade Course",
        "action_flag": 2,
        "change_message": "[{\"changed\": {\"fields\": [\"title\"]}}]"
    }
},
{
    "model": "admin.logentry",
    "pk": 91,
    "fields": {
        "action_time": "2018-11-12T01:15:21.679Z",
        "user": [
            "dominicmazzola@gmail.com"
        ],
        "content_type": [
            "portal",
            "course"
        ],
        "object_id": "4",
        "object_repr": "Sixth  Grade Course",
        "action_flag": 2,
        "change_message": "[{\"changed\": {\"fields\": [\"title\"]}}]"
    }
},
{
    "model": "admin.logentry",
    "pk": 92,
    "fields": {
        "action_time": "2018-11-12T01:15:24.614Z",
        "user": [
            "dominicmazzola@gmail.com"
        ],
        "content_type": [
            "portal",
            "course"
        ],
        "object_id": "5",
        "object_repr": "Seventh Grade Course",
        "action_flag": 2,
        "change_message": "[]"
    }
},
{
    "model": "admin.logentry",
    "pk": 93,
    "fields": {
        "action_time": "2018-11-12T01:15:26.888Z",
        "user": [
            "dominicmazzola@gmail.com"
        ],
        "content_type": [
            "portal",
            "course"
        ],
        "object_id": "6",
        "object_repr": "Eighth Grade Course",
        "action_flag": 2,
        "change_message": "[]"
    }
},
{
    "model": "admin.logentry",
    "pk": 94,
    "fields": {
        "action_time": "2018-11-12T01:24:59.070Z",
        "user": [
            "dominicmazzola@gmail.com"
        ],
        "content_type": [
            "portal",
            "lesson"
        ],
        "object_id": "3",
        "object_repr": "Math 101",
        "action_flag": 2,
        "change_message": "[{\"changed\": {\"fields\": [\"slug\"]}}]"
    }
},
{
    "model": "admin.logentry",
    "pk": 95,
    "fields": {
        "action_time": "2018-11-12T01:35:35.712Z",
        "user": [
            "dominicmazzola@gmail.com"
        ],
        "content_type": [
            "portal",
            "course"
        ],
        "object_id": "1",
        "object_repr": "Third Grade Lessons",
        "action_flag": 2,
        "change_message": "[{\"changed\": {\"fields\": [\"allowed_memberships\"]}}]"
    }
},
{
    "model": "admin.logentry",
    "pk": 96,
    "fields": {
        "action_time": "2018-11-12T20:21:43.226Z",
        "user": [
            "dominicmazzola@gmail.com"
        ],
        "content_type": [
            "portal",
            "lesson"
        ],
        "object_id": "4",
        "object_repr": "Basketball 101",
        "action_flag": 2,
        "change_message": "[{\"changed\": {\"fields\": [\"video_url\"]}}]"
    }
},
{
    "model": "admin.logentry",
    "pk": 97,
    "fields": {
        "action_time": "2018-11-12T20:42:20.744Z",
        "user": [
            "dominicmazzola@gmail.com"
        ],
        "content_type": [
            "portal",
            "course"
        ],
        "object_id": "1",
        "object_repr": "Third Grade Lessons",
        "action_flag": 2,
        "change_message": "[{\"changed\": {\"fields\": [\"membership_required\"]}}]"
    }
},
{
    "model": "admin.logentry",
    "pk": 98,
    "fields": {
        "action_time": "2018-11-12T20:42:34.236Z",
        "user": [
            "dominicmazzola@gmail.com"
        ],
        "content_type": [
            "portal",
            "course"
        ],
        "object_id": "1",
        "object_repr": "Third Grade Lessons",
        "action_flag": 2,
        "change_message": "[{\"changed\": {\"fields\": [\"membership_required\"]}}]"
    }
},
{
    "model": "admin.logentry",
    "pk": 99,
    "fields": {
        "action_time": "2018-11-13T23:17:48.422Z",
        "user": [
            "dominicmazzola@gmail.com"
        ],
        "content_type": [
            "portal",
            "lesson"
        ],
        "object_id": "5",
        "object_repr": "test",
        "action_flag": 1,
        "change_message": "[{\"added\": {}}]"
    }
},
{
    "model": "admin.logentry",
    "pk": 100,
    "fields": {
        "action_time": "2018-11-15T03:22:02.706Z",
        "user": [
            "dominicmazzola@gmail.com"
        ],
        "content_type": [
            "memberships",
            "transaction"
        ],
        "object_id": "1",
        "object_repr": "975fbc1e-61b7-47f8-9178-9b4ed489ddc5",
        "action_flag": 1,
        "change_message": "[{\"added\": {}}]"
    }
},
{
    "model": "admin.logentry",
    "pk": 101,
    "fields": {
        "action_time": "2018-11-15T03:27:31.274Z",
        "user": [
            "dominicmazzola@gmail.com"
        ],
        "content_type": [
            "memberships",
            "transaction"
        ],
        "object_id": "2",
        "object_repr": "84e20af9-e300-4327-bb5b-baa610a2c39f",
        "action_flag": 3,
        "change_message": ""
    }
},
{
    "model": "admin.logentry",
    "pk": 102,
    "fields": {
        "action_time": "2018-11-15T18:57:28.154Z",
        "user": [
            "dominicmazzola@gmail.com"
        ],
        "content_type": [
            "memberships",
            "transaction"
        ],
        "object_id": "72b810ef-72ae-4a3a-bdc6-85bf9409e03e",
        "object_repr": "72b810ef-72ae-4a3a-bdc6-85bf9409e03e",
        "action_flag": 3,
        "change_message": ""
    }
},
{
    "model": "admin.logentry",
    "pk": 103,
    "fields": {
        "action_time": "2018-11-15T19:13:55.776Z",
        "user": [
            "dominicmazzola@gmail.com"
        ],
        "content_type": [
            "memberships",
            "transaction"
        ],
        "object_id": "c4bd7dec-041e-4a2a-b329-01a0421e2872",
        "object_repr": "c4bd7dec-041e-4a2a-b329-01a0421e2872",
        "action_flag": 2,
        "change_message": "[{\"changed\": {\"fields\": [\"subscription\"]}}]"
    }
},
{
    "model": "admin.logentry",
    "pk": 104,
    "fields": {
        "action_time": "2018-11-15T19:14:08.459Z",
        "user": [
            "dominicmazzola@gmail.com"
        ],
        "content_type": [
            "memberships",
            "transaction"
        ],
        "object_id": "975fbc1e-61b7-47f8-9178-9b4ed489ddc5",
        "object_repr": "975fbc1e-61b7-47f8-9178-9b4ed489ddc5",
        "action_flag": 2,
        "change_message": "[{\"changed\": {\"fields\": [\"subscription\"]}}]"
    }
},
{
    "model": "admin.logentry",
    "pk": 105,
    "fields": {
        "action_time": "2018-11-17T03:32:18.879Z",
        "user": [
            "dominicmazzola@gmail.com"
        ],
        "content_type": [
            "memberships",
            "membership"
        ],
        "object_id": "2",
        "object_repr": "Basic",
        "action_flag": 2,
        "change_message": "[{\"changed\": {\"fields\": [\"total\"]}}]"
    }
},
{
    "model": "admin.logentry",
    "pk": 106,
    "fields": {
        "action_time": "2018-11-17T03:33:35.267Z",
        "user": [
            "dominicmazzola@gmail.com"
        ],
        "content_type": [
            "memberships",
            "membership"
        ],
        "object_id": "3",
        "object_repr": "Premium",
        "action_flag": 2,
        "change_message": "[]"
    }
},
{
    "model": "admin.logentry",
    "pk": 107,
    "fields": {
        "action_time": "2018-12-01T20:37:39.893Z",
        "user": [
            "dominicmazzola@gmail.com"
        ],
        "content_type": [
            "memberships",
            "membership"
        ],
        "object_id": "2",
        "object_repr": "Basic",
        "action_flag": 2,
        "change_message": "[{\"changed\": {\"fields\": [\"total\"]}}]"
    }
},
{
    "model": "admin.logentry",
    "pk": 108,
    "fields": {
        "action_time": "2018-12-01T20:47:33.871Z",
        "user": [
            "dominicmazzola@gmail.com"
        ],
        "content_type": [
            "memberships",
            "membership"
        ],
        "object_id": "2",
        "object_repr": "Basic",
        "action_flag": 2,
        "change_message": "[]"
    }
},
{
    "model": "admin.logentry",
    "pk": 109,
    "fields": {
        "action_time": "2018-12-01T22:54:52.297Z",
        "user": [
            "dominicmazzola@gmail.com"
        ],
        "content_type": [
            "portal",
            "lesson"
        ],
        "object_id": "6",
        "object_repr": "Starting Out",
        "action_flag": 1,
        "change_message": "[{\"added\": {}}]"
    }
},
{
    "model": "admin.logentry",
    "pk": 110,
    "fields": {
        "action_time": "2018-12-01T22:57:49.304Z",
        "user": [
            "dominicmazzola@gmail.com"
        ],
        "content_type": [
            "portal",
            "lesson"
        ],
        "object_id": "6",
        "object_repr": "Starting Out",
        "action_flag": 2,
        "change_message": "[{\"changed\": {\"fields\": [\"video_url\"]}}]"
    }
},
{
    "model": "admin.logentry",
    "pk": 111,
    "fields": {
        "action_time": "2018-12-01T23:08:54.202Z",
        "user": [
            "dominicmazzola@gmail.com"
        ],
        "content_type": [
            "portal",
            "lesson"
        ],
        "object_id": "6",
        "object_repr": "Starting Out",
        "action_flag": 2,
        "change_message": "[{\"changed\": {\"fields\": [\"video_url\"]}}]"
    }
},
{
    "model": "admin.logentry",
    "pk": 112,
    "fields": {
        "action_time": "2018-12-01T23:09:00.873Z",
        "user": [
            "dominicmazzola@gmail.com"
        ],
        "content_type": [
            "portal",
            "lesson"
        ],
        "object_id": "4",
        "object_repr": "Basketball 101",
        "action_flag": 2,
        "change_message": "[{\"changed\": {\"fields\": [\"video_url\"]}}]"
    }
},
{
    "model": "admin.logentry",
    "pk": 113,
    "fields": {
        "action_time": "2018-12-01T23:09:07.017Z",
        "user": [
            "dominicmazzola@gmail.com"
        ],
        "content_type": [
            "portal",
            "lesson"
        ],
        "object_id": "4",
        "object_repr": "Basketball 101",
        "action_flag": 2,
        "change_message": "[]"
    }
},
{
    "model": "admin.logentry",
    "pk": 114,
    "fields": {
        "action_time": "2018-12-01T23:09:12.589Z",
        "user": [
            "dominicmazzola@gmail.com"
        ],
        "content_type": [
            "portal",
            "lesson"
        ],
        "object_id": "2",
        "object_repr": "Reading 101",
        "action_flag": 2,
        "change_message": "[{\"changed\": {\"fields\": [\"video_url\"]}}]"
    }
},
{
    "model": "admin.logentry",
    "pk": 115,
    "fields": {
        "action_time": "2018-12-01T23:09:16.526Z",
        "user": [
            "dominicmazzola@gmail.com"
        ],
        "content_type": [
            "portal",
            "lesson"
        ],
        "object_id": "1",
        "object_repr": "Science 101",
        "action_flag": 2,
        "change_message": "[{\"changed\": {\"fields\": [\"video_url\"]}}]"
    }
},
{
    "model": "admin.logentry",
    "pk": 116,
    "fields": {
        "action_time": "2018-12-01T23:10:37.792Z",
        "user": [
            "dominicmazzola@gmail.com"
        ],
        "content_type": [
            "portal",
            "lesson"
        ],
        "object_id": "6",
        "object_repr": "Starting Out",
        "action_flag": 2,
        "change_message": "[{\"changed\": {\"fields\": [\"video_url\"]}}]"
    }
},
{
    "model": "admin.logentry",
    "pk": 117,
    "fields": {
        "action_time": "2018-12-01T23:10:39.545Z",
        "user": [
            "dominicmazzola@gmail.com"
        ],
        "content_type": [
            "portal",
            "lesson"
        ],
        "object_id": "6",
        "object_repr": "Starting Out",
        "action_flag": 2,
        "change_message": "[]"
    }
},
{
    "model": "admin.logentry",
    "pk": 118,
    "fields": {
        "action_time": "2018-12-01T23:10:44.889Z",
        "user": [
            "dominicmazzola@gmail.com"
        ],
        "content_type": [
            "portal",
            "lesson"
        ],
        "object_id": "4",
        "object_repr": "Basketball 101",
        "action_flag": 2,
        "change_message": "[{\"changed\": {\"fields\": [\"video_url\"]}}]"
    }
},
{
    "model": "admin.logentry",
    "pk": 119,
    "fields": {
        "action_time": "2018-12-29T01:14:28.751Z",
        "user": [
            "dominicmazzola@gmail.com"
        ],
        "content_type": [
            "portal",
            "course"
        ],
        "object_id": "11",
        "object_repr": "Beginner Course",
        "action_flag": 2,
        "change_message": "[{\"changed\": {\"fields\": [\"description\"]}}]"
    }
},
{
    "model": "admin.logentry",
    "pk": 120,
    "fields": {
        "action_time": "2018-12-29T01:14:32.141Z",
        "user": [
            "dominicmazzola@gmail.com"
        ],
        "content_type": [
            "portal",
            "course"
        ],
        "object_id": "10",
        "object_repr": "Fourth Grade Course",
        "action_flag": 2,
        "change_message": "[{\"changed\": {\"fields\": [\"description\"]}}]"
    }
},
{
    "model": "admin.logentry",
    "pk": 121,
    "fields": {
        "action_time": "2018-12-29T01:14:34.935Z",
        "user": [
            "dominicmazzola@gmail.com"
        ],
        "content_type": [
            "portal",
            "course"
        ],
        "object_id": "6",
        "object_repr": "Eighth Grade Course",
        "action_flag": 2,
        "change_message": "[{\"changed\": {\"fields\": [\"description\"]}}]"
    }
},
{
    "model": "admin.logentry",
    "pk": 122,
    "fields": {
        "action_time": "2018-12-29T01:14:38.712Z",
        "user": [
            "dominicmazzola@gmail.com"
        ],
        "content_type": [
            "portal",
            "course"
        ],
        "object_id": "5",
        "object_repr": "Seventh Grade Course",
        "action_flag": 2,
        "change_message": "[{\"changed\": {\"fields\": [\"description\"]}}]"
    }
},
{
    "model": "admin.logentry",
    "pk": 123,
    "fields": {
        "action_time": "2018-12-29T01:14:41.479Z",
        "user": [
            "dominicmazzola@gmail.com"
        ],
        "content_type": [
            "portal",
            "course"
        ],
        "object_id": "4",
        "object_repr": "Sixth  Grade Course",
        "action_flag": 2,
        "change_message": "[{\"changed\": {\"fields\": [\"description\"]}}]"
    }
},
{
    "model": "admin.logentry",
    "pk": 124,
    "fields": {
        "action_time": "2018-12-29T01:14:44.518Z",
        "user": [
            "dominicmazzola@gmail.com"
        ],
        "content_type": [
            "portal",
            "course"
        ],
        "object_id": "3",
        "object_repr": "Fifth Grade Course",
        "action_flag": 2,
        "change_message": "[{\"changed\": {\"fields\": [\"description\"]}}]"
    }
},
{
    "model": "admin.logentry",
    "pk": 125,
    "fields": {
        "action_time": "2018-12-29T01:14:47.175Z",
        "user": [
            "dominicmazzola@gmail.com"
        ],
        "content_type": [
            "portal",
            "course"
        ],
        "object_id": "1",
        "object_repr": "Third Grade Course",
        "action_flag": 2,
        "change_message": "[{\"changed\": {\"fields\": [\"description\"]}}]"
    }
},
{
    "model": "admin.logentry",
    "pk": 126,
    "fields": {
        "action_time": "2018-12-29T19:31:12.986Z",
        "user": [
            "dominicmazzola@gmail.com"
        ],
        "content_type": [
            "memberships",
            "membership"
        ],
        "object_id": "2",
        "object_repr": "Basic",
        "action_flag": 2,
        "change_message": "[{\"changed\": {\"fields\": [\"image\"]}}]"
    }
},
{
    "model": "admin.logentry",
    "pk": 127,
    "fields": {
        "action_time": "2018-12-29T23:54:05.216Z",
        "user": [
            "dominicmazzola@gmail.com"
        ],
        "content_type": [
            "memberships",
            "membership"
        ],
        "object_id": "3",
        "object_repr": "Premium",
        "action_flag": 2,
        "change_message": "[{\"changed\": {\"fields\": [\"image\"]}}]"
    }
},
{
    "model": "admin.logentry",
    "pk": 128,
    "fields": {
        "action_time": "2018-12-29T23:54:09.458Z",
        "user": [
            "dominicmazzola@gmail.com"
        ],
        "content_type": [
            "memberships",
            "membership"
        ],
        "object_id": "4",
        "object_repr": "Enterprise",
        "action_flag": 2,
        "change_message": "[{\"changed\": {\"fields\": [\"image\"]}}]"
    }
},
{
    "model": "admin.logentry",
    "pk": 129,
    "fields": {
        "action_time": "2019-01-02T01:52:12.129Z",
        "user": [
            "dominicmazzola@gmail.com"
        ],
        "content_type": [
            "portal",
            "course"
        ],
        "object_id": "1",
        "object_repr": "Third Grade Course",
        "action_flag": 2,
        "change_message": "[{\"changed\": {\"fields\": [\"ordering_id\"]}}]"
    }
},
{
    "model": "admin.logentry",
    "pk": 130,
    "fields": {
        "action_time": "2019-01-02T01:52:24.600Z",
        "user": [
            "dominicmazzola@gmail.com"
        ],
        "content_type": [
            "portal",
            "course"
        ],
        "object_id": "10",
        "object_repr": "Fourth Grade Course",
        "action_flag": 2,
        "change_message": "[{\"changed\": {\"fields\": [\"ordering_id\"]}}]"
    }
},
{
    "model": "admin.logentry",
    "pk": 131,
    "fields": {
        "action_time": "2019-01-02T01:52:32.879Z",
        "user": [
            "dominicmazzola@gmail.com"
        ],
        "content_type": [
            "portal",
            "course"
        ],
        "object_id": "3",
        "object_repr": "Fifth Grade Course",
        "action_flag": 2,
        "change_message": "[{\"changed\": {\"fields\": [\"ordering_id\"]}}]"
    }
},
{
    "model": "admin.logentry",
    "pk": 132,
    "fields": {
        "action_time": "2019-01-02T01:52:48.931Z",
        "user": [
            "dominicmazzola@gmail.com"
        ],
        "content_type": [
            "portal",
            "course"
        ],
        "object_id": "4",
        "object_repr": "Sixth  Grade Course",
        "action_flag": 2,
        "change_message": "[{\"changed\": {\"fields\": [\"ordering_id\"]}}]"
    }
},
{
    "model": "admin.logentry",
    "pk": 133,
    "fields": {
        "action_time": "2019-01-02T01:52:56.356Z",
        "user": [
            "dominicmazzola@gmail.com"
        ],
        "content_type": [
            "portal",
            "course"
        ],
        "object_id": "1",
        "object_repr": "Third Grade Course",
        "action_flag": 2,
        "change_message": "[]"
    }
},
{
    "model": "admin.logentry",
    "pk": 134,
    "fields": {
        "action_time": "2019-01-02T01:53:04.120Z",
        "user": [
            "dominicmazzola@gmail.com"
        ],
        "content_type": [
            "portal",
            "course"
        ],
        "object_id": "5",
        "object_repr": "Seventh Grade Course",
        "action_flag": 2,
        "change_message": "[{\"changed\": {\"fields\": [\"ordering_id\"]}}]"
    }
},
{
    "model": "admin.logentry",
    "pk": 135,
    "fields": {
        "action_time": "2019-01-02T01:53:16.319Z",
        "user": [
            "dominicmazzola@gmail.com"
        ],
        "content_type": [
            "portal",
            "course"
        ],
        "object_id": "5",
        "object_repr": "Seventh Grade Course",
        "action_flag": 2,
        "change_message": "[]"
    }
},
{
    "model": "admin.logentry",
    "pk": 136,
    "fields": {
        "action_time": "2019-01-02T01:53:22.206Z",
        "user": [
            "dominicmazzola@gmail.com"
        ],
        "content_type": [
            "portal",
            "course"
        ],
        "object_id": "6",
        "object_repr": "Eighth Grade Course",
        "action_flag": 2,
        "change_message": "[{\"changed\": {\"fields\": [\"ordering_id\"]}}]"
    }
},
{
    "model": "admin.logentry",
    "pk": 137,
    "fields": {
        "action_time": "2019-01-02T01:53:37.248Z",
        "user": [
            "dominicmazzola@gmail.com"
        ],
        "content_type": [
            "portal",
            "course"
        ],
        "object_id": "11",
        "object_repr": "Beginner Course",
        "action_flag": 2,
        "change_message": "[{\"changed\": {\"fields\": [\"ordering_id\"]}}]"
    }
},
{
    "model": "admin.logentry",
    "pk": 138,
    "fields": {
        "action_time": "2019-01-02T02:34:15.182Z",
        "user": [
            "dominicmazzola@gmail.com"
        ],
        "content_type": [
            "portal",
            "course"
        ],
        "object_id": "11",
        "object_repr": "Beginner Course (1)",
        "action_flag": 2,
        "change_message": "[{\"changed\": {\"fields\": [\"ordering_id\"]}}]"
    }
},
{
    "model": "admin.logentry",
    "pk": 139,
    "fields": {
        "action_time": "2019-01-05T23:28:46.098Z",
        "user": [
            "dominicmazzola@gmail.com"
        ],
        "content_type": [
            "portal",
            "review"
        ],
        "object_id": "7",
        "object_repr": "deek (5)",
        "action_flag": 1,
        "change_message": "[{\"added\": {}}]"
    }
},
{
    "model": "admin.logentry",
    "pk": 140,
    "fields": {
        "action_time": "2019-01-05T23:44:37.566Z",
        "user": [
            "dominicmazzola@gmail.com"
        ],
        "content_type": [
            "portal",
            "review"
        ],
        "object_id": "8",
        "object_repr": "dominicmazzola@gmail.com (5)",
        "action_flag": 2,
        "change_message": "[]"
    }
},
{
    "model": "admin.logentry",
    "pk": 141,
    "fields": {
        "action_time": "2019-01-05T23:44:46.106Z",
        "user": [
            "dominicmazzola@gmail.com"
        ],
        "content_type": [
            "portal",
            "review"
        ],
        "object_id": "8",
        "object_repr": "dominicmazzola@gmail.com (5)",
        "action_flag": 2,
        "change_message": "[{\"changed\": {\"fields\": [\"review_course\"]}}]"
    }
},
{
    "model": "admin.logentry",
    "pk": 142,
    "fields": {
        "action_time": "2019-01-05T23:46:48.999Z",
        "user": [
            "dominicmazzola@gmail.com"
        ],
        "content_type": [
            "portal",
            "review"
        ],
        "object_id": "8",
        "object_repr": "dominicmazzola@gmail.com (5)",
        "action_flag": 2,
        "change_message": "[{\"changed\": {\"fields\": [\"summary\"]}}]"
    }
},
{
    "model": "admin.logentry",
    "pk": 143,
    "fields": {
        "action_time": "2019-01-06T00:48:41.055Z",
        "user": [
            "dominicmazzola@gmail.com"
        ],
        "content_type": [
            "portal",
            "course"
        ],
        "object_id": "10",
        "object_repr": "Fourth Grade Course (2)",
        "action_flag": 2,
        "change_message": "[{\"changed\": {\"fields\": [\"card_description\"]}}]"
    }
},
{
    "model": "admin.logentry",
    "pk": 144,
    "fields": {
        "action_time": "2019-01-06T00:48:47.813Z",
        "user": [
            "dominicmazzola@gmail.com"
        ],
        "content_type": [
            "portal",
            "course"
        ],
        "object_id": "11",
        "object_repr": "Beginner Course (1)",
        "action_flag": 2,
        "change_message": "[{\"changed\": {\"fields\": [\"card_description\"]}}]"
    }
},
{
    "model": "admin.logentry",
    "pk": 145,
    "fields": {
        "action_time": "2019-01-06T00:48:51.824Z",
        "user": [
            "dominicmazzola@gmail.com"
        ],
        "content_type": [
            "portal",
            "course"
        ],
        "object_id": "6",
        "object_repr": "Eighth Grade Course (6)",
        "action_flag": 2,
        "change_message": "[{\"changed\": {\"fields\": [\"card_description\"]}}]"
    }
},
{
    "model": "admin.logentry",
    "pk": 146,
    "fields": {
        "action_time": "2019-01-06T00:48:54.799Z",
        "user": [
            "dominicmazzola@gmail.com"
        ],
        "content_type": [
            "portal",
            "course"
        ],
        "object_id": "5",
        "object_repr": "Seventh Grade Course (5)",
        "action_flag": 2,
        "change_message": "[{\"changed\": {\"fields\": [\"card_description\"]}}]"
    }
},
{
    "model": "admin.logentry",
    "pk": 147,
    "fields": {
        "action_time": "2019-01-06T00:48:59.481Z",
        "user": [
            "dominicmazzola@gmail.com"
        ],
        "content_type": [
            "portal",
            "course"
        ],
        "object_id": "5",
        "object_repr": "Seventh Grade Course (5)",
        "action_flag": 2,
        "change_message": "[]"
    }
},
{
    "model": "admin.logentry",
    "pk": 148,
    "fields": {
        "action_time": "2019-01-06T00:49:02.789Z",
        "user": [
            "dominicmazzola@gmail.com"
        ],
        "content_type": [
            "portal",
            "course"
        ],
        "object_id": "4",
        "object_repr": "Sixth  Grade Course (4)",
        "action_flag": 2,
        "change_message": "[{\"changed\": {\"fields\": [\"card_description\"]}}]"
    }
},
{
    "model": "admin.logentry",
    "pk": 149,
    "fields": {
        "action_time": "2019-01-06T00:49:07.026Z",
        "user": [
            "dominicmazzola@gmail.com"
        ],
        "content_type": [
            "portal",
            "course"
        ],
        "object_id": "4",
        "object_repr": "Sixth  Grade Course (4)",
        "action_flag": 2,
        "change_message": "[]"
    }
},
{
    "model": "admin.logentry",
    "pk": 150,
    "fields": {
        "action_time": "2019-01-06T00:49:10.755Z",
        "user": [
            "dominicmazzola@gmail.com"
        ],
        "content_type": [
            "portal",
            "course"
        ],
        "object_id": "3",
        "object_repr": "Fifth Grade Course (3)",
        "action_flag": 2,
        "change_message": "[{\"changed\": {\"fields\": [\"card_description\"]}}]"
    }
},
{
    "model": "admin.logentry",
    "pk": 151,
    "fields": {
        "action_time": "2019-01-06T00:49:13.710Z",
        "user": [
            "dominicmazzola@gmail.com"
        ],
        "content_type": [
            "portal",
            "course"
        ],
        "object_id": "1",
        "object_repr": "Third Grade Course (1)",
        "action_flag": 2,
        "change_message": "[{\"changed\": {\"fields\": [\"card_description\"]}}]"
    }
},
{
    "model": "admin.logentry",
    "pk": 152,
    "fields": {
        "action_time": "2019-01-06T03:34:00.218Z",
        "user": [
            "dominicmazzola@gmail.com"
        ],
        "content_type": [
            "portal",
            "review"
        ],
        "object_id": "14",
        "object_repr": "tim (5)",
        "action_flag": 3,
        "change_message": ""
    }
},
{
    "model": "admin.logentry",
    "pk": 153,
    "fields": {
        "action_time": "2019-01-06T03:34:00.227Z",
        "user": [
            "dominicmazzola@gmail.com"
        ],
        "content_type": [
            "portal",
            "review"
        ],
        "object_id": "11",
        "object_repr": "kirkland2 (5)",
        "action_flag": 3,
        "change_message": ""
    }
},
{
    "model": "admin.logentry",
    "pk": 154,
    "fields": {
        "action_time": "2019-01-06T03:34:00.235Z",
        "user": [
            "dominicmazzola@gmail.com"
        ],
        "content_type": [
            "portal",
            "review"
        ],
        "object_id": "8",
        "object_repr": "dominicmazzola@gmail.com (5)",
        "action_flag": 3,
        "change_message": ""
    }
},
{
    "model": "admin.logentry",
    "pk": 155,
    "fields": {
        "action_time": "2019-01-06T03:34:00.242Z",
        "user": [
            "dominicmazzola@gmail.com"
        ],
        "content_type": [
            "portal",
            "review"
        ],
        "object_id": "7",
        "object_repr": "deek (5)",
        "action_flag": 3,
        "change_message": ""
    }
},
{
    "model": "admin.logentry",
    "pk": 156,
    "fields": {
        "action_time": "2019-01-13T18:19:25.547Z",
        "user": [
            "dominicmazzola@gmail.com"
        ],
        "content_type": [
            "memberships",
            "membership"
        ],
        "object_id": "4",
        "object_repr": "Enterprise",
        "action_flag": 2,
        "change_message": "[{\"changed\": {\"fields\": [\"tax\"]}}]"
    }
},
{
    "model": "admin.logentry",
    "pk": 157,
    "fields": {
        "action_time": "2019-01-13T18:19:31.080Z",
        "user": [
            "dominicmazzola@gmail.com"
        ],
        "content_type": [
            "memberships",
            "membership"
        ],
        "object_id": "3",
        "object_repr": "Premium",
        "action_flag": 2,
        "change_message": "[{\"changed\": {\"fields\": [\"tax\"]}}]"
    }
},
{
    "model": "admin.logentry",
    "pk": 158,
    "fields": {
        "action_time": "2019-01-13T18:19:34.506Z",
        "user": [
            "dominicmazzola@gmail.com"
        ],
        "content_type": [
            "memberships",
            "membership"
        ],
        "object_id": "2",
        "object_repr": "Basic",
        "action_flag": 2,
        "change_message": "[{\"changed\": {\"fields\": [\"tax\"]}}]"
    }
},
{
    "model": "admin.logentry",
    "pk": 159,
    "fields": {
        "action_time": "2019-01-17T01:35:34.185Z",
        "user": [
            "dominicmazzola@gmail.com"
        ],
        "content_type": [
            "users",
            "profile"
        ],
        "object_id": "2",
        "object_repr": "dominicmazzola@gmail.com",
        "action_flag": 2,
        "change_message": "[{\"changed\": {\"fields\": [\"school\"]}}]"
    }
},
{
    "model": "admin.logentry",
    "pk": 160,
    "fields": {
        "action_time": "2019-01-24T00:09:25.184Z",
        "user": [
            "dominicmazzola@gmail.com"
        ],
        "content_type": [
            "portal",
            "lesson"
        ],
        "object_id": "3",
        "object_repr": "Math 101",
        "action_flag": 2,
        "change_message": "[{\"changed\": {\"fields\": [\"detailed_description\", \"image_url\"]}}]"
    }
},
{
    "model": "admin.logentry",
    "pk": 161,
    "fields": {
        "action_time": "2019-01-24T00:13:41.968Z",
        "user": [
            "dominicmazzola@gmail.com"
        ],
        "content_type": [
            "portal",
            "course"
        ],
        "object_id": "1",
        "object_repr": "Third Grade Course (1)",
        "action_flag": 2,
        "change_message": "[{\"changed\": {\"fields\": [\"image_url\"]}}]"
    }
},
{
    "model": "admin.logentry",
    "pk": 162,
    "fields": {
        "action_time": "2019-01-24T00:30:03.010Z",
        "user": [
            "dominicmazzola@gmail.com"
        ],
        "content_type": [
            "portal",
            "course"
        ],
        "object_id": "3",
        "object_repr": "Fifth Grade Course (3)",
        "action_flag": 2,
        "change_message": "[{\"changed\": {\"fields\": [\"image_url\"]}}]"
    }
},
{
    "model": "admin.logentry",
    "pk": 163,
    "fields": {
        "action_time": "2019-01-24T00:31:39.339Z",
        "user": [
            "dominicmazzola@gmail.com"
        ],
        "content_type": [
            "portal",
            "course"
        ],
        "object_id": "4",
        "object_repr": "Sixth  Grade Course (4)",
        "action_flag": 2,
        "change_message": "[{\"changed\": {\"fields\": [\"image_url\"]}}]"
    }
},
{
    "model": "admin.logentry",
    "pk": 164,
    "fields": {
        "action_time": "2019-01-24T00:35:23.229Z",
        "user": [
            "dominicmazzola@gmail.com"
        ],
        "content_type": [
            "portal",
            "course"
        ],
        "object_id": "5",
        "object_repr": "Seventh Grade Course (5)",
        "action_flag": 2,
        "change_message": "[{\"changed\": {\"fields\": [\"image_url\"]}}]"
    }
},
{
    "model": "admin.logentry",
    "pk": 165,
    "fields": {
        "action_time": "2019-01-24T00:35:36.879Z",
        "user": [
            "dominicmazzola@gmail.com"
        ],
        "content_type": [
            "portal",
            "course"
        ],
        "object_id": "4",
        "object_repr": "Sixth  Grade Course (4)",
        "action_flag": 2,
        "change_message": "[{\"changed\": {\"fields\": [\"image_url\"]}}]"
    }
},
{
    "model": "admin.logentry",
    "pk": 166,
    "fields": {
        "action_time": "2019-01-24T00:35:53.957Z",
        "user": [
            "dominicmazzola@gmail.com"
        ],
        "content_type": [
            "portal",
            "course"
        ],
        "object_id": "4",
        "object_repr": "Sixth  Grade Course (4)",
        "action_flag": 2,
        "change_message": "[{\"changed\": {\"fields\": [\"image_url\"]}}]"
    }
},
{
    "model": "admin.logentry",
    "pk": 167,
    "fields": {
        "action_time": "2019-01-24T00:50:05.557Z",
        "user": [
            "dominicmazzola@gmail.com"
        ],
        "content_type": [
            "portal",
            "course"
        ],
        "object_id": "1",
        "object_repr": "Third Grade Course (1)",
        "action_flag": 2,
        "change_message": "[{\"changed\": {\"fields\": [\"image_url\"]}}]"
    }
},
{
    "model": "admin.logentry",
    "pk": 168,
    "fields": {
        "action_time": "2019-01-24T00:50:22.432Z",
        "user": [
            "dominicmazzola@gmail.com"
        ],
        "content_type": [
            "portal",
            "course"
        ],
        "object_id": "10",
        "object_repr": "Fourth Grade Course (2)",
        "action_flag": 2,
        "change_message": "[{\"changed\": {\"fields\": [\"image_url\"]}}]"
    }
},
{
    "model": "admin.logentry",
    "pk": 169,
    "fields": {
        "action_time": "2019-01-24T00:50:31.455Z",
        "user": [
            "dominicmazzola@gmail.com"
        ],
        "content_type": [
            "portal",
            "course"
        ],
        "object_id": "3",
        "object_repr": "Fifth Grade Course (3)",
        "action_flag": 2,
        "change_message": "[{\"changed\": {\"fields\": [\"image_url\"]}}]"
    }
},
{
    "model": "wagtailcore.groupcollectionpermission",
    "pk": 1,
    "fields": {
        "group": [
            "Moderators"
        ],
        "collection": 1,
        "permission": [
            "add_image",
            "wagtailimages",
            "image"
        ]
    }
},
{
    "model": "wagtailcore.groupcollectionpermission",
    "pk": 2,
    "fields": {
        "group": [
            "Editors"
        ],
        "collection": 1,
        "permission": [
            "add_image",
            "wagtailimages",
            "image"
        ]
    }
},
{
    "model": "wagtailcore.groupcollectionpermission",
    "pk": 3,
    "fields": {
        "group": [
            "Moderators"
        ],
        "collection": 1,
        "permission": [
            "change_image",
            "wagtailimages",
            "image"
        ]
    }
},
{
    "model": "wagtailcore.groupcollectionpermission",
    "pk": 4,
    "fields": {
        "group": [
            "Editors"
        ],
        "collection": 1,
        "permission": [
            "change_image",
            "wagtailimages",
            "image"
        ]
    }
},
{
    "model": "wagtailcore.groupcollectionpermission",
    "pk": 5,
    "fields": {
        "group": [
            "Moderators"
        ],
        "collection": 1,
        "permission": [
            "add_document",
            "wagtaildocs",
            "document"
        ]
    }
},
{
    "model": "wagtailcore.groupcollectionpermission",
    "pk": 6,
    "fields": {
        "group": [
            "Editors"
        ],
        "collection": 1,
        "permission": [
            "add_document",
            "wagtaildocs",
            "document"
        ]
    }
},
{
    "model": "wagtailcore.groupcollectionpermission",
    "pk": 7,
    "fields": {
        "group": [
            "Moderators"
        ],
        "collection": 1,
        "permission": [
            "change_document",
            "wagtaildocs",
            "document"
        ]
    }
},
{
    "model": "wagtailcore.groupcollectionpermission",
    "pk": 8,
    "fields": {
        "group": [
            "Editors"
        ],
        "collection": 1,
        "permission": [
            "change_document",
            "wagtaildocs",
            "document"
        ]
    }
},
{
    "model": "wagtailcore.grouppagepermission",
    "pk": 1,
    "fields": {
        "group": [
            "Moderators"
        ],
        "page": 1,
        "permission_type": "add"
    }
},
{
    "model": "wagtailcore.grouppagepermission",
    "pk": 2,
    "fields": {
        "group": [
            "Moderators"
        ],
        "page": 1,
        "permission_type": "edit"
    }
},
{
    "model": "wagtailcore.grouppagepermission",
    "pk": 3,
    "fields": {
        "group": [
            "Moderators"
        ],
        "page": 1,
        "permission_type": "publish"
    }
},
{
    "model": "wagtailcore.grouppagepermission",
    "pk": 4,
    "fields": {
        "group": [
            "Editors"
        ],
        "page": 1,
        "permission_type": "add"
    }
},
{
    "model": "wagtailcore.grouppagepermission",
    "pk": 5,
    "fields": {
        "group": [
            "Editors"
        ],
        "page": 1,
        "permission_type": "edit"
    }
},
{
    "model": "wagtailcore.grouppagepermission",
    "pk": 6,
    "fields": {
        "group": [
            "Moderators"
        ],
        "page": 1,
        "permission_type": "lock"
    }
},
{
    "model": "wagtailcore.pagerevision",
    "pk": 1,
    "fields": {
        "page": 3,
        "submitted_for_moderation": false,
        "created_at": "2018-10-18T01:54:15.805Z",
        "user": [
            "dominicmazzola@gmail.com"
        ],
        "content_json": "{\"go_live_at\": null, \"pk\": 3, \"firstheader\": \"<p></p>\", \"seo_title\": \"\", \"numchild\": 0, \"depth\": 2, \"url_path\": \"/home/\", \"live_revision\": null, \"locked\": false, \"title\": \"HOME\", \"slug\": \"home\", \"expired\": false, \"path\": \"00010001\", \"first_published_at\": null, \"content_type\": 14, \"secondbody\": \"<p></p>\", \"expire_at\": null, \"firstbody\": \"<p></p>\", \"last_published_at\": null, \"draft_title\": \"HOME\", \"gallery_images\": [], \"registerbuttonurl\": \"\", \"search_description\": \"\", \"live\": true, \"secondheader\": \"<p></p>\", \"show_in_menus\": false, \"owner\": 2, \"latest_revision_created_at\": null, \"has_unpublished_changes\": false}",
        "approved_go_live_at": null
    }
},
{
    "model": "wagtailcore.pagerevision",
    "pk": 3,
    "fields": {
        "page": 5,
        "submitted_for_moderation": false,
        "created_at": "2018-10-18T05:42:35.501Z",
        "user": [
            "dominicmazzola@gmail.com"
        ],
        "content_json": "{\"latest_revision_created_at\": null, \"owner\": 2, \"intro\": \"<p></p>\", \"content_type\": 12, \"thank_you_text\": \"\", \"to_address\": \"\", \"expired\": false, \"pk\": 5, \"path\": \"000100010002\", \"expire_at\": null, \"locked\": false, \"has_unpublished_changes\": false, \"last_published_at\": null, \"depth\": 3, \"go_live_at\": null, \"show_in_menus\": false, \"draft_title\": \"Contact Us\", \"subject\": \"\", \"title\": \"Contact Us\", \"first_published_at\": null, \"numchild\": 0, \"search_description\": \"\", \"live_revision\": null, \"url_path\": \"/home/contact-us/\", \"form_fields\": [{\"help_text\": \"First name\", \"label\": \"First name\", \"required\": true, \"sort_order\": 0, \"page\": 5, \"default_value\": \"\", \"field_type\": \"singleline\", \"pk\": 1, \"choices\": \"\"}, {\"help_text\": \"Last name\", \"label\": \"Last name\", \"required\": true, \"sort_order\": 1, \"page\": 5, \"default_value\": \"\", \"field_type\": \"singleline\", \"pk\": 2, \"choices\": \"\"}, {\"help_text\": \"Email\", \"label\": \"Email\", \"required\": true, \"sort_order\": 2, \"page\": 5, \"default_value\": \"\", \"field_type\": \"email\", \"pk\": 3, \"choices\": \"\"}, {\"help_text\": \"Please enter a phone number\", \"label\": \"Phone number\", \"required\": true, \"sort_order\": 3, \"page\": 5, \"default_value\": \"\", \"field_type\": \"singleline\", \"pk\": 4, \"choices\": \"\"}, {\"help_text\": \"How can we help you\", \"label\": \"How can we help you\", \"required\": true, \"sort_order\": 4, \"page\": 5, \"default_value\": \"\", \"field_type\": \"multiline\", \"pk\": 5, \"choices\": \"\"}], \"seo_title\": \"\", \"from_address\": \"\", \"thank_you_page\": null, \"slug\": \"contact-us\", \"live\": true}",
        "approved_go_live_at": null
    }
},
{
    "model": "wagtailcore.pagerevision",
    "pk": 4,
    "fields": {
        "page": 5,
        "submitted_for_moderation": false,
        "created_at": "2018-10-18T05:42:49.114Z",
        "user": [
            "dominicmazzola@gmail.com"
        ],
        "content_json": "{\"latest_revision_created_at\": \"2018-10-18T05:42:35.501Z\", \"owner\": 2, \"intro\": \"<p></p>\", \"content_type\": 12, \"thank_you_text\": \"<p></p>\", \"to_address\": \"\", \"expired\": false, \"pk\": 5, \"path\": \"000100010002\", \"expire_at\": null, \"locked\": false, \"has_unpublished_changes\": false, \"last_published_at\": \"2018-10-18T05:42:35.557Z\", \"depth\": 3, \"go_live_at\": null, \"show_in_menus\": false, \"draft_title\": \"Contact Us\", \"subject\": \"\", \"title\": \"Contact Us\", \"first_published_at\": \"2018-10-18T05:42:35.557Z\", \"numchild\": 0, \"search_description\": \"\", \"live_revision\": 3, \"url_path\": \"/home/contact-us/\", \"form_fields\": [{\"help_text\": \"First name\", \"label\": \"First name\", \"required\": true, \"sort_order\": 0, \"page\": 5, \"default_value\": \"\", \"field_type\": \"singleline\", \"pk\": 1, \"choices\": \"\"}, {\"help_text\": \"Last name\", \"label\": \"Last name\", \"required\": true, \"sort_order\": 1, \"page\": 5, \"default_value\": \"\", \"field_type\": \"singleline\", \"pk\": 2, \"choices\": \"\"}, {\"help_text\": \"Email\", \"label\": \"Email\", \"required\": true, \"sort_order\": 2, \"page\": 5, \"default_value\": \"\", \"field_type\": \"email\", \"pk\": 3, \"choices\": \"\"}, {\"help_text\": \"Please enter a phone number\", \"label\": \"Phone number\", \"required\": true, \"sort_order\": 3, \"page\": 5, \"default_value\": \"\", \"field_type\": \"singleline\", \"pk\": 4, \"choices\": \"\"}, {\"help_text\": \"How can we help you\", \"label\": \"How can we help you\", \"required\": true, \"sort_order\": 4, \"page\": 5, \"default_value\": \"\", \"field_type\": \"multiline\", \"pk\": 5, \"choices\": \"\"}], \"seo_title\": \"\", \"from_address\": \"\", \"thank_you_page\": null, \"slug\": \"contact\", \"live\": true}",
        "approved_go_live_at": null
    }
},
{
    "model": "wagtailcore.pagerevision",
    "pk": 16,
    "fields": {
        "page": 12,
        "submitted_for_moderation": false,
        "created_at": "2018-10-26T01:53:57.620Z",
        "user": [
            "dominicmazzola@gmail.com"
        ],
        "content_json": "{\"registerbuttonurl\": \"https://www.eventbrite.com/e/6th-8th-stem-basketball-camp-tickets-46867618308\", \"search_description\": \"\", \"show_in_menus\": false, \"expire_at\": null, \"latest_revision_created_at\": null, \"body\": \"<p>We know the start of the school year can be tough. If you\\u2019re a teacher,</p>\", \"slug\": \"event\", \"owner\": 2, \"last_published_at\": null, \"go_live_at\": null, \"live_revision\": null, \"path\": \"000100010005\", \"numchild\": 0, \"live\": true, \"has_unpublished_changes\": false, \"draft_title\": \"Event\", \"locked\": false, \"date\": \"2018-10-26\", \"intro\": \"Event\", \"first_published_at\": null, \"url_path\": \"/home/event/\", \"title\": \"Event\", \"content_type\": 36, \"pk\": 12, \"expired\": false, \"depth\": 3, \"seo_title\": \"\"}",
        "approved_go_live_at": null
    }
},
{
    "model": "wagtailcore.pagerevision",
    "pk": 17,
    "fields": {
        "page": 12,
        "submitted_for_moderation": false,
        "created_at": "2018-10-26T02:28:29.712Z",
        "user": [
            "dominicmazzola@gmail.com"
        ],
        "content_json": "{\"registerbuttonurl\": \"https://www.eventbrite.com/e/6th-8th-stem-basketball-camp-tickets-46867618308\", \"search_description\": \"\", \"show_in_menus\": false, \"expire_at\": null, \"latest_revision_created_at\": \"2018-10-26T01:53:57.620Z\", \"body\": \"<p>We know the start of the school year can be tough. </p>\", \"slug\": \"event\", \"owner\": 2, \"last_published_at\": \"2018-10-26T01:53:57.667Z\", \"go_live_at\": null, \"live_revision\": 16, \"path\": \"000100010005\", \"numchild\": 0, \"live\": true, \"has_unpublished_changes\": false, \"draft_title\": \"Event\", \"locked\": false, \"date\": \"2018-10-26\", \"intro\": \"Event\", \"first_published_at\": \"2018-10-26T01:53:57.667Z\", \"url_path\": \"/home/event/\", \"title\": \"Event\", \"content_type\": 36, \"pk\": 12, \"expired\": false, \"depth\": 3, \"seo_title\": \"\"}",
        "approved_go_live_at": null
    }
},
{
    "model": "wagtailcore.pagerevision",
    "pk": 22,
    "fields": {
        "page": 3,
        "submitted_for_moderation": false,
        "created_at": "2018-11-24T22:14:35.990Z",
        "user": [
            "dominicmazzola@gmail.com"
        ],
        "content_json": "{\"expired\": false, \"expire_at\": null, \"registerbuttonurl\": \"https://www.eventbrite.com/e/6th-8th-stem-basketball-camp-tickets-46867618308\", \"gallery_images\": [{\"caption\": \"\", \"pk\": null, \"sort_order\": 0, \"page\": 3, \"image\": 1}], \"show_in_menus\": false, \"draft_title\": \"HOME\", \"has_unpublished_changes\": false, \"pk\": 3, \"secondbody\": \"<p>second body</p>\", \"depth\": 2, \"latest_revision_created_at\": \"2018-10-18T01:54:15.805Z\", \"url_path\": \"/home/\", \"content_type\": 14, \"slug\": \"home\", \"live\": true, \"title\": \"HOME\", \"firstheader\": \"<p>test</p>\", \"seo_title\": \"\", \"locked\": false, \"search_description\": \"\", \"first_published_at\": \"2018-10-18T01:54:15.836Z\", \"owner\": 2, \"secondheader\": \"<p>second header</p>\", \"live_revision\": 1, \"firstbody\": \"<p>testbody</p>\", \"numchild\": 3, \"go_live_at\": null, \"last_published_at\": \"2018-10-18T01:54:15.836Z\", \"path\": \"00010001\"}",
        "approved_go_live_at": null
    }
},
{
    "model": "wagtailcore.pagerevision",
    "pk": 23,
    "fields": {
        "page": 3,
        "submitted_for_moderation": false,
        "created_at": "2018-11-24T22:16:39.225Z",
        "user": [
            "dominicmazzola@gmail.com"
        ],
        "content_json": "{\"expired\": false, \"expire_at\": null, \"registerbuttonurl\": \"https://www.eventbrite.com/e/6th-8th-stem-basketball-camp-tickets-46867618308\", \"gallery_images\": [], \"show_in_menus\": false, \"draft_title\": \"HOME\", \"has_unpublished_changes\": false, \"pk\": 3, \"secondbody\": \"<p>second body</p>\", \"depth\": 2, \"latest_revision_created_at\": \"2018-11-24T22:14:35.990Z\", \"url_path\": \"/home/\", \"content_type\": 14, \"slug\": \"home\", \"live\": true, \"title\": \"HOME\", \"firstheader\": \"<p>test</p>\", \"seo_title\": \"\", \"locked\": false, \"search_description\": \"\", \"first_published_at\": \"2018-10-18T01:54:15.836Z\", \"owner\": 2, \"secondheader\": \"<p>second header</p>\", \"live_revision\": 22, \"firstbody\": \"<p>testbody</p>\", \"numchild\": 3, \"go_live_at\": null, \"last_published_at\": \"2018-11-24T22:14:36.032Z\", \"path\": \"00010001\"}",
        "approved_go_live_at": null
    }
},
{
    "model": "wagtailcore.pagerevision",
    "pk": 24,
    "fields": {
        "page": 3,
        "submitted_for_moderation": false,
        "created_at": "2018-11-24T22:17:39.686Z",
        "user": [
            "dominicmazzola@gmail.com"
        ],
        "content_json": "{\"expired\": false, \"expire_at\": null, \"registerbuttonurl\": \"https://www.eventbrite.com/e/6th-8th-stem-basketball-camp-tickets-46867618308\", \"gallery_images\": [], \"show_in_menus\": false, \"draft_title\": \"HOME\", \"has_unpublished_changes\": false, \"pk\": 3, \"secondbody\": \"<p>STEMLETICS is a dynamic company\\u00a0that combines two totally different subjects into one awesome program. We use sports as a vehicle to teach students about STEM concepts. Most students fail to see the connection between STEM and everyday life\\u00a0and that&#x27;s what makes the STEMLETICS program so valuable. We hope our efforts create generations of future leaders who are genuinely\\u00a0interested\\u00a0and\\u00a0passionate in STEM fields.\\u00a0</p>\", \"depth\": 2, \"latest_revision_created_at\": \"2018-11-24T22:16:39.225Z\", \"url_path\": \"/home/\", \"content_type\": 14, \"slug\": \"home\", \"live\": true, \"title\": \"HOME\", \"firstheader\": \"<p>test</p>\", \"seo_title\": \"\", \"locked\": false, \"search_description\": \"\", \"first_published_at\": \"2018-10-18T01:54:15.836Z\", \"owner\": 2, \"secondheader\": \"<p>The Most Extensive, Engaging, and Effective STEM Curriculum Ever Created!</p>\", \"live_revision\": 23, \"firstbody\": \"<p>testbody</p>\", \"numchild\": 3, \"go_live_at\": null, \"last_published_at\": \"2018-11-24T22:16:39.260Z\", \"path\": \"00010001\"}",
        "approved_go_live_at": null
    }
},
{
    "model": "wagtailcore.pagerevision",
    "pk": 25,
    "fields": {
        "page": 3,
        "submitted_for_moderation": false,
        "created_at": "2018-11-24T22:18:21.553Z",
        "user": [
            "dominicmazzola@gmail.com"
        ],
        "content_json": "{\"expired\": false, \"expire_at\": null, \"registerbuttonurl\": \"https://www.eventbrite.com/e/6th-8th-stem-basketball-camp-tickets-46867618308\", \"gallery_images\": [], \"show_in_menus\": false, \"draft_title\": \"HOME\", \"has_unpublished_changes\": false, \"pk\": 3, \"secondbody\": \"<p>STEMLETICS is a dynamic company that combines two totally different subjects into one awesome program. We use sports as a vehicle to teach students about STEM concepts. Most students fail to see the connection between STEM and everyday life and that&#x27;s what makes the STEMLETICS program so valuable. We hope our efforts create generations of future leaders who are genuinely interested and passionate in STEM fields.</p>\", \"depth\": 2, \"latest_revision_created_at\": \"2018-11-24T22:17:39.686Z\", \"url_path\": \"/home/\", \"content_type\": 14, \"slug\": \"home\", \"live\": true, \"title\": \"HOME\", \"firstheader\": \"\", \"seo_title\": \"\", \"locked\": false, \"search_description\": \"\", \"first_published_at\": \"2018-10-18T01:54:15.836Z\", \"owner\": 2, \"secondheader\": \"<p>The Most Extensive, Engaging, and Effective STEM Curriculum Ever Created!</p>\", \"live_revision\": 24, \"firstbody\": \"\", \"numchild\": 3, \"go_live_at\": null, \"last_published_at\": \"2018-11-24T22:17:39.722Z\", \"path\": \"00010001\"}",
        "approved_go_live_at": null
    }
},
{
    "model": "wagtailcore.pagerevision",
    "pk": 26,
    "fields": {
        "page": 12,
        "submitted_for_moderation": false,
        "created_at": "2018-11-24T22:43:17.471Z",
        "user": [
            "dominicmazzola@gmail.com"
        ],
        "content_json": "{\"live\": true, \"content_type\": 36, \"depth\": 3, \"latest_revision_created_at\": \"2018-10-26T02:28:29.712Z\", \"expired\": false, \"body\": \"<p>We know the start of the school year can be tough.</p>\", \"date\": \"2018-10-26\", \"slug\": \"event\", \"draft_title\": \"Event\", \"has_unpublished_changes\": false, \"expire_at\": null, \"live_revision\": 17, \"first_published_at\": \"2018-10-26T01:53:57.667Z\", \"go_live_at\": null, \"locked\": false, \"seo_title\": \"\", \"location\": \"Flint, MI\", \"show_in_menus\": false, \"numchild\": 0, \"intro\": \"Event\", \"path\": \"000100010005\", \"pk\": 12, \"search_description\": \"\", \"url_path\": \"/home/event/\", \"last_published_at\": \"2018-10-26T02:28:29.757Z\", \"registerbuttonurl\": \"https://www.eventbrite.com/e/6th-8th-stem-basketball-camp-tickets-46867618308\", \"title\": \"Event\", \"owner\": 2}",
        "approved_go_live_at": null
    }
},
{
    "model": "wagtailcore.pagerevision",
    "pk": 28,
    "fields": {
        "page": 17,
        "submitted_for_moderation": false,
        "created_at": "2018-11-25T03:07:08.338Z",
        "user": [
            "dominicmazzola@gmail.com"
        ],
        "content_json": "{\"depth\": 3, \"live_revision\": null, \"seo_title\": \"\", \"content_type\": 36, \"body\": \"<p>Come join us at our local reading and ball event!</p>\", \"date\": \"2018-11-30\", \"owner\": 2, \"registerbuttonurl\": \"\", \"draft_title\": \"Reading Event\", \"last_published_at\": null, \"has_unpublished_changes\": false, \"slug\": \"reading-event\", \"locked\": false, \"first_published_at\": null, \"title\": \"Reading Event\", \"live\": true, \"expired\": false, \"numchild\": 0, \"search_description\": \"\", \"path\": \"000100010007\", \"pk\": 17, \"latest_revision_created_at\": null, \"intro\": \"Reading Event\", \"location\": \"Flint, MI\", \"go_live_at\": null, \"expire_at\": null, \"url_path\": \"/home/reading-event/\", \"show_in_menus\": false}",
        "approved_go_live_at": null
    }
},
{
    "model": "wagtailcore.pagerevision",
    "pk": 29,
    "fields": {
        "page": 18,
        "submitted_for_moderation": false,
        "created_at": "2018-11-25T03:07:34.814Z",
        "user": [
            "dominicmazzola@gmail.com"
        ],
        "content_json": "{\"depth\": 3, \"live_revision\": null, \"seo_title\": \"\", \"content_type\": 36, \"body\": \"<p>Come Join us at our Math Event at Kettering!</p>\", \"date\": \"2018-11-28\", \"owner\": 2, \"registerbuttonurl\": \"\", \"draft_title\": \"Math Event\", \"last_published_at\": null, \"has_unpublished_changes\": false, \"slug\": \"math-event\", \"locked\": false, \"first_published_at\": null, \"title\": \"Math Event\", \"live\": true, \"expired\": false, \"numchild\": 0, \"search_description\": \"\", \"path\": \"000100010008\", \"pk\": 18, \"latest_revision_created_at\": null, \"intro\": \"Math Event\", \"location\": \"Flint, MI\", \"go_live_at\": null, \"expire_at\": null, \"url_path\": \"/home/math-event/\", \"show_in_menus\": false}",
        "approved_go_live_at": null
    }
},
{
    "model": "wagtailcore.pagerevision",
    "pk": 32,
    "fields": {
        "page": 20,
        "submitted_for_moderation": false,
        "created_at": "2019-01-13T19:05:22.675Z",
        "user": [
            "dominicmazzola@gmail.com"
        ],
        "content_json": "{\"title\": \"title\", \"first_published_at\": null, \"paragraph_one\": \"<p>1</p>\", \"numchild\": 0, \"gallery_images\": [], \"locked\": false, \"slug\": \"title\", \"go_live_at\": null, \"live\": true, \"last_published_at\": null, \"latest_revision_created_at\": null, \"body\": \"<p>body</p>\", \"seo_title\": \"\", \"header\": \"<p>heaer</p>\", \"search_description\": \"\", \"content_type\": 7, \"expire_at\": null, \"url_path\": \"/home/title/\", \"expired\": false, \"live_revision\": null, \"owner\": 2, \"paragraph_two\": \"<p>2</p>\", \"has_unpublished_changes\": false, \"draft_title\": \"title\", \"path\": \"00010001000A\", \"depth\": 3, \"pk\": 20, \"show_in_menus\": false}",
        "approved_go_live_at": null
    }
},
{
    "model": "wagtailcore.pagerevision",
    "pk": 33,
    "fields": {
        "page": 20,
        "submitted_for_moderation": false,
        "created_at": "2019-01-13T19:07:20.512Z",
        "user": [
            "dominicmazzola@gmail.com"
        ],
        "content_json": "{\"title\": \"About US\", \"first_published_at\": \"2019-01-13T19:05:22.715Z\", \"paragraph_one\": \"<p>1</p>\", \"numchild\": 0, \"gallery_images\": [], \"locked\": false, \"slug\": \"title\", \"go_live_at\": null, \"live\": true, \"last_published_at\": \"2019-01-13T19:05:22.715Z\", \"latest_revision_created_at\": \"2019-01-13T19:05:22.675Z\", \"body\": \"<p>body</p>\", \"seo_title\": \"\", \"header\": \"<p>What is Stemletics?</p>\", \"search_description\": \"\", \"content_type\": 7, \"expire_at\": null, \"url_path\": \"/home/title/\", \"expired\": false, \"live_revision\": 32, \"owner\": 2, \"paragraph_two\": \"<p>2</p>\", \"has_unpublished_changes\": false, \"draft_title\": \"title\", \"path\": \"00010001000A\", \"depth\": 3, \"pk\": 20, \"show_in_menus\": false}",
        "approved_go_live_at": null
    }
},
{
    "model": "wagtailcore.pagerevision",
    "pk": 34,
    "fields": {
        "page": 20,
        "submitted_for_moderation": false,
        "created_at": "2019-01-13T19:07:51.599Z",
        "user": [
            "dominicmazzola@gmail.com"
        ],
        "content_json": "{\"title\": \"About US\", \"first_published_at\": \"2019-01-13T19:05:22.715Z\", \"paragraph_one\": \"<p>1</p>\", \"numchild\": 0, \"gallery_images\": [], \"locked\": false, \"slug\": \"title\", \"go_live_at\": null, \"live\": true, \"last_published_at\": \"2019-01-13T19:07:20.561Z\", \"latest_revision_created_at\": \"2019-01-13T19:07:20.512Z\", \"body\": \"<p>Lorem ipsum dolor sit amet, consectetur adipiscing elit, sed do eiusmod tempor incididunt ut labore et dolore magna aliqua. Ut enim ad minim veniam, quis nostrud exercitation ullamco laboris nisi ut aliquip ex ea commodo consequat. Duis aute irure dolor in reprehenderit in voluptate velit esse cillum dolore eu fugiat nulla pariatur. Excepteur sint occaecat cupidatat non proident, sunt in culpa qui officia deserunt mollit anim id est laborum.</p>\", \"seo_title\": \"\", \"header\": \"<p>What is Stemletics?</p>\", \"search_description\": \"\", \"content_type\": 7, \"expire_at\": null, \"url_path\": \"/home/title/\", \"expired\": false, \"live_revision\": 33, \"owner\": 2, \"paragraph_two\": \"<p>2</p>\", \"has_unpublished_changes\": false, \"draft_title\": \"About US\", \"path\": \"00010001000A\", \"depth\": 3, \"pk\": 20, \"show_in_menus\": false}",
        "approved_go_live_at": null
    }
},
{
    "model": "wagtailcore.pagerevision",
    "pk": 35,
    "fields": {
        "page": 20,
        "submitted_for_moderation": false,
        "created_at": "2019-01-13T19:14:54.578Z",
        "user": [
            "dominicmazzola@gmail.com"
        ],
        "content_json": "{\"draft_title\": \"About US\", \"go_live_at\": null, \"slug\": \"title\", \"url_path\": \"/home/title/\", \"pk\": 20, \"body_two\": \"<p>Lorem ipsum dolor sit amet, consectetur adipiscing elit, sed do eiusmod tempor incididunt ut labore et dolore magna aliqua. Ut enim ad minim veniam, quis nostrud exercitation ullamco laboris nisi ut aliquip ex ea commodo consequat. Duis aute irure dolor in reprehenderit in voluptate velit esse cillum dolore eu fugiat nulla pariatur. Excepteur sint occaecat cupidatat non proident, sunt in culpa qui officia deserunt mollit anim id est laborum.</p>\", \"last_published_at\": \"2019-01-13T19:07:51.648Z\", \"expire_at\": null, \"body_three\": \"<p>Lorem ipsum dolor sit amet, consectetur adipiscing elit, sed do eiusmod tempor incididunt ut labore et dolore magna aliqua. Ut enim ad minim veniam, quis nostrud exercitation ullamco laboris nisi ut aliquip ex ea commodo consequat. Duis aute irure dolor in reprehenderit in voluptate velit esse cillum dolore eu fugiat nulla pariatur. Excepteur sint occaecat cupidatat non proident, sunt in culpa qui officia deserunt mollit anim id est laborum.</p>\", \"show_in_menus\": false, \"live_revision\": 34, \"body\": \"<p>Lorem ipsum dolor sit amet, consectetur adipiscing elit, sed do eiusmod tempor incididunt ut labore et dolore magna aliqua. Ut enim ad minim veniam, quis nostrud exercitation ullamco laboris nisi ut aliquip ex ea commodo consequat. Duis aute irure dolor in reprehenderit in voluptate velit esse cillum dolore eu fugiat nulla pariatur. Excepteur sint occaecat cupidatat non proident, sunt in culpa qui officia deserunt mollit anim id est laborum.</p>\", \"paragraph_two\": \"<p>2</p>\", \"first_published_at\": \"2019-01-13T19:05:22.715Z\", \"gallery_images\": [], \"latest_revision_created_at\": \"2019-01-13T19:07:51.599Z\", \"search_description\": \"\", \"path\": \"00010001000A\", \"depth\": 3, \"owner\": 2, \"seo_title\": \"\", \"locked\": false, \"numchild\": 0, \"live\": true, \"has_unpublished_changes\": false, \"expired\": false, \"header_three\": \"<p></p>\", \"body_four\": \"<p>Lorem ipsum dolor sit amet, consectetur adipiscing elit, sed do eiusmod tempor incididunt ut labore et dolore magna aliqua. Ut enim ad minim veniam, quis nostrud exercitation ullamco laboris nisi ut aliquip ex ea commodo consequat. Duis aute irure dolor in reprehenderit in voluptate velit esse cillum dolore eu fugiat nulla pariatur. Excepteur sint occaecat cupidatat non proident, sunt in culpa qui officia deserunt mollit anim id est laborum.</p>\", \"content_type\": 7, \"video_url\": \"https://www.youtube.com/embed/vONn-vrtRiY\", \"header_four\": \"<p></p>\", \"header_two\": \"\", \"header\": \"<p>What is Stemletics?</p>\", \"title\": \"About US\", \"paragraph_one\": \"<p>1</p>\"}",
        "approved_go_live_at": null
    }
},
{
    "model": "wagtailcore.pagerevision",
    "pk": 36,
    "fields": {
        "page": 20,
        "submitted_for_moderation": false,
        "created_at": "2019-01-13T19:20:52.419Z",
        "user": [
            "dominicmazzola@gmail.com"
        ],
        "content_json": "{\"draft_title\": \"About US\", \"go_live_at\": null, \"slug\": \"title\", \"url_path\": \"/home/title/\", \"pk\": 20, \"body_two\": \"<p>Lorem ipsum dolor sit amet, consectetur adipiscing elit, sed do eiusmod tempor incididunt ut labore et dolore magna aliqua. Ut enim ad minim veniam, quis nostrud exercitation ullamco laboris nisi ut aliquip ex ea commodo consequat. Duis aute irure dolor in reprehenderit in voluptate velit esse cillum dolore eu fugiat nulla pariatur. Excepteur sint occaecat cupidatat non proident, sunt in culpa qui officia deserunt mollit anim id est laborum.</p>\", \"last_published_at\": \"2019-01-13T19:14:54.624Z\", \"expire_at\": null, \"body_three\": \"<p>Lorem ipsum dolor sit amet, consectetur adipiscing elit, sed do eiusmod tempor incididunt ut labore et dolore magna aliqua. Ut enim ad minim veniam, quis nostrud exercitation ullamco laboris nisi ut aliquip ex ea commodo consequat. Duis aute irure dolor in reprehenderit in voluptate velit esse cillum dolore eu fugiat nulla pariatur. Excepteur sint occaecat cupidatat non proident, sunt in culpa qui officia deserunt mollit anim id est laborum.</p>\", \"show_in_menus\": false, \"live_revision\": 35, \"body\": \"<p>Lorem ipsum dolor sit amet, consectetur adipiscing elit, sed do eiusmod tempor incididunt ut labore et dolore magna aliqua. Ut enim ad minim veniam, quis nostrud exercitation ullamco laboris nisi ut aliquip ex ea commodo consequat. Duis aute irure dolor in reprehenderit in voluptate velit esse cillum dolore eu fugiat nulla pariatur. Excepteur sint occaecat cupidatat non proident, sunt in culpa qui officia deserunt mollit anim id est laborum.</p>\", \"paragraph_two\": \"<p>2</p>\", \"first_published_at\": \"2019-01-13T19:05:22.715Z\", \"gallery_images\": [], \"latest_revision_created_at\": \"2019-01-13T19:14:54.578Z\", \"search_description\": \"\", \"path\": \"00010001000A\", \"depth\": 3, \"owner\": 2, \"seo_title\": \"\", \"locked\": false, \"numchild\": 0, \"live\": true, \"has_unpublished_changes\": false, \"expired\": false, \"header_three\": \"<p>Academics</p>\", \"body_four\": \"<p>Lorem ipsum dolor sit amet, consectetur adipiscing elit, sed do eiusmod tempor incididunt ut labore et dolore magna aliqua. Ut enim ad minim veniam, quis nostrud exercitation ullamco laboris nisi ut aliquip ex ea commodo consequat. Duis aute irure dolor in reprehenderit in voluptate velit esse cillum dolore eu fugiat nulla pariatur. Excepteur sint occaecat cupidatat non proident, sunt in culpa qui officia deserunt mollit anim id est laborum.</p>\", \"content_type\": 7, \"video_url\": \"https://www.youtube.com/embed/vONn-vrtRiY\", \"header_four\": \"<p>Courses &amp; Lessons</p>\", \"header_two\": \"<p>Athetetics</p>\", \"header\": \"<p>What is Stemletics?</p>\", \"title\": \"About US\", \"paragraph_one\": \"<p>1</p>\"}",
        "approved_go_live_at": null
    }
},
{
    "model": "wagtailcore.pagerevision",
    "pk": 37,
    "fields": {
        "page": 20,
        "submitted_for_moderation": false,
        "created_at": "2019-01-13T19:29:23.389Z",
        "user": [
            "dominicmazzola@gmail.com"
        ],
        "content_json": "{\"header_three\": \"<p>Academics</p>\", \"url_path\": \"/home/title/\", \"body_three\": \"<p>Lorem ipsum dolor sit amet, consectetur adipiscing elit, sed do eiusmod tempor incididunt ut labore et dolore magna aliqua. Ut enim ad minim veniam, quis nostrud exercitation ullamco laboris nisi ut aliquip ex ea commodo consequat. Duis aute irure dolor in reprehenderit in voluptate velit esse cillum dolore eu fugiat nulla pariatur. Excepteur sint occaecat cupidatat non proident, sunt in culpa qui officia deserunt mollit anim id est laborum.</p>\", \"expire_at\": null, \"first_published_at\": \"2019-01-13T19:05:22.715Z\", \"has_unpublished_changes\": false, \"gallery_images\": [], \"body_four\": \"<p>Lorem ipsum dolor sit amet, consectetur adipiscing elit, sed do eiusmod tempor incididunt ut labore et dolore magna aliqua. Ut enim ad minim veniam, quis nostrud exercitation ullamco laboris nisi ut aliquip ex ea commodo consequat. Duis aute irure dolor in reprehenderit in voluptate velit esse cillum dolore eu fugiat nulla pariatur. Excepteur sint occaecat cupidatat non proident, sunt in culpa qui officia deserunt mollit anim id est laborum.</p>\", \"expired\": false, \"video_url\": \"https://www.youtube.com/embed/vONn-vrtRiY\", \"locked\": false, \"latest_revision_created_at\": \"2019-01-13T19:20:52.419Z\", \"seo_title\": \"\", \"body\": \"<p>Lorem ipsum dolor sit amet, consectetur adipiscing elit, sed do eiusmod tempor incididunt ut labore et dolore magna aliqua. Ut enim ad minim veniam, quis nostrud exercitation ullamco laboris nisi ut aliquip ex ea commodo consequat. Duis aute irure dolor in reprehenderit in voluptate velit esse cillum dolore eu fugiat nulla pariatur. Excepteur sint occaecat cupidatat non proident, sunt in culpa qui officia deserunt mollit anim id est laborum.</p>\", \"show_in_menus\": false, \"search_description\": \"\", \"path\": \"00010001000A\", \"body_five\": \"<p>Lorem ipsum dolor sit amet, consectetur adipiscing elit, sed do eiusmod tempor incididunt ut labore et dolore magna aliqua. Ut enim ad minim veniam, quis nostrud exercitation ullamco laboris nisi ut aliquip ex ea commodo consequat. Duis aute irure dolor in reprehenderit in voluptate velit esse cillum dolore eu fugiat nulla pariatur. Excepteur sint occaecat cupidatat non proident, sunt in culpa qui officia deserunt mollit anim id est laborum.</p>\", \"live_revision\": 36, \"body_two\": \"<p>Lorem ipsum dolor sit amet, consectetur adipiscing elit, sed do eiusmod tempor incididunt ut labore et dolore magna aliqua. Ut enim ad minim veniam, quis nostrud exercitation ullamco laboris nisi ut aliquip ex ea commodo consequat. Duis aute irure dolor in reprehenderit in voluptate velit esse cillum dolore eu fugiat nulla pariatur. Excepteur sint occaecat cupidatat non proident, sunt in culpa qui officia deserunt mollit anim id est laborum.</p>\", \"title\": \"About US\", \"header_four\": \"<p>Courses &amp; Lessons</p>\", \"last_published_at\": \"2019-01-13T19:20:52.466Z\", \"header\": \"<p>What is Stemletics?</p>\", \"pk\": 20, \"slug\": \"title\", \"depth\": 3, \"draft_title\": \"About US\", \"header_two\": \"<p>Athetetics</p>\", \"numchild\": 0, \"content_type\": 7, \"live\": true, \"go_live_at\": null, \"owner\": 2, \"header_five\": \"<p>Events</p>\"}",
        "approved_go_live_at": null
    }
},
{
    "model": "wagtailcore.pagerevision",
    "pk": 38,
    "fields": {
        "page": 20,
        "submitted_for_moderation": false,
        "created_at": "2019-01-13T19:29:44.761Z",
        "user": [
            "dominicmazzola@gmail.com"
        ],
        "content_json": "{\"header_three\": \"<p>Academics</p>\", \"url_path\": \"/home/title/\", \"body_three\": \"<p>Lorem ipsum dolor sit amet, consectetur adipiscing elit, sed do eiusmod tempor incididunt ut labore et dolore magna aliqua. Ut enim ad minim veniam, quis nostrud exercitation ullamco laboris nisi ut aliquip ex ea commodo consequat. Duis aute irure dolor in reprehenderit in voluptate velit esse cillum dolore eu fugiat nulla pariatur. Excepteur sint occaecat cupidatat non proident, sunt in culpa qui officia deserunt mollit anim id est laborum.</p>\", \"expire_at\": null, \"first_published_at\": \"2019-01-13T19:05:22.715Z\", \"has_unpublished_changes\": false, \"gallery_images\": [], \"body_four\": \"<p>Lorem ipsum dolor sit amet, consectetur adipiscing elit, sed do eiusmod tempor incididunt ut labore et dolore magna aliqua. Ut enim ad minim veniam, quis nostrud exercitation ullamco laboris nisi ut aliquip ex ea commodo consequat. Duis aute irure dolor in reprehenderit in voluptate velit esse cillum dolore eu fugiat nulla pariatur. Excepteur sint occaecat cupidatat non proident, sunt in culpa qui officia deserunt mollit anim id est laborum.</p>\", \"expired\": false, \"video_url\": \"https://www.youtube.com/embed/vONn-vrtRiY\", \"locked\": false, \"latest_revision_created_at\": \"2019-01-13T19:29:23.389Z\", \"seo_title\": \"\", \"body\": \"<p>Lorem ipsum dolor sit amet, consectetur adipiscing elit, sed do eiusmod tempor incididunt ut labore et dolore magna aliqua. Ut enim ad minim veniam, quis nostrud exercitation ullamco laboris nisi ut aliquip ex ea commodo consequat. Duis aute irure dolor in reprehenderit in voluptate velit esse cillum dolore eu fugiat nulla pariatur. Excepteur sint occaecat cupidatat non proident, sunt in culpa qui officia deserunt mollit anim id est laborum.</p>\", \"show_in_menus\": false, \"search_description\": \"\", \"path\": \"00010001000A\", \"body_five\": \"<p>Lorem ipsum dolor sit amet, consectetur adipiscing elit, sed do eiusmod tempor incididunt ut labore et dolore magna aliqua. Ut enim ad minim veniam, quis nostrud exercitation ullamco laboris nisi ut aliquip ex ea commodo consequat. Duis aute irure dolor in reprehenderit in voluptate velit esse cillum dolore eu fugiat nulla pariatur. Excepteur sint occaecat cupidatat non proident, sunt in culpa qui officia deserunt mollit anim id est laborum.</p>\", \"live_revision\": 37, \"body_two\": \"<p>Lorem ipsum dolor sit amet, consectetur adipiscing elit, sed do eiusmod tempor incididunt ut labore et dolore magna aliqua. Ut enim ad minim veniam, quis nostrud exercitation ullamco laboris nisi ut aliquip ex ea commodo consequat. Duis aute irure dolor in reprehenderit in voluptate velit esse cillum dolore eu fugiat nulla pariatur. Excepteur sint occaecat cupidatat non proident, sunt in culpa qui officia deserunt mollit anim id est laborum.</p>\", \"title\": \"About us | What is Stemletics\", \"header_four\": \"<p>Courses &amp; Lessons</p>\", \"last_published_at\": \"2019-01-13T19:29:23.437Z\", \"header\": \"<p>What is Stemletics?</p>\", \"pk\": 20, \"slug\": \"title\", \"depth\": 3, \"draft_title\": \"About US\", \"header_two\": \"<p>Athetetics</p>\", \"numchild\": 0, \"content_type\": 7, \"live\": true, \"go_live_at\": null, \"owner\": 2, \"header_five\": \"<p>Events</p>\"}",
        "approved_go_live_at": null
    }
},
{
    "model": "wagtailcore.pagerevision",
    "pk": 40,
    "fields": {
        "page": 20,
        "submitted_for_moderation": false,
        "created_at": "2019-01-13T19:51:22.073Z",
        "user": [
            "dominicmazzola@gmail.com"
        ],
        "content_json": "{\"header_three\": \"<p>Academics</p>\", \"url_path\": \"/home/title/\", \"body_three\": \"<p>Lorem ipsum dolor sit amet, consectetur adipiscing elit, sed do eiusmod tempor incididunt ut labore et dolore magna aliqua. Ut enim ad minim veniam, quis nostrud exercitation ullamco laboris nisi ut aliquip ex ea commodo consequat. Duis aute irure dolor in reprehenderit in voluptate velit esse cillum dolore eu fugiat nulla pariatur. Excepteur sint occaecat cupidatat non proident, sunt in culpa qui officia deserunt mollit anim id est laborum.</p>\", \"expire_at\": null, \"first_published_at\": \"2019-01-13T19:05:22.715Z\", \"has_unpublished_changes\": false, \"gallery_images\": [], \"body_four\": \"<p>Lorem ipsum dolor sit amet, consectetur adipiscing elit, sed do eiusmod tempor incididunt ut labore et dolore magna aliqua. Ut enim ad minim veniam, quis nostrud exercitation ullamco laboris nisi ut aliquip ex ea commodo consequat. Duis aute irure dolor in reprehenderit in voluptate velit esse cillum dolore eu fugiat nulla pariatur. Excepteur sint occaecat cupidatat non proident, sunt in culpa qui officia deserunt mollit anim id est laborum.</p>\", \"expired\": false, \"video_url\": \"https://www.youtube.com/embed/vONn-vrtRiY\", \"locked\": false, \"latest_revision_created_at\": \"2019-01-13T19:29:44.761Z\", \"seo_title\": \"\", \"body\": \"<p>Lorem ipsum dolor sit amet, consectetur adipiscing elit, sed do eiusmod tempor incididunt ut labore et dolore magna aliqua. Ut enim ad minim veniam, quis nostrud exercitation ullamco laboris nisi ut aliquip ex ea commodo consequat. Duis aute irure dolor in reprehenderit in voluptate velit esse cillum dolore eu fugiat nulla pariatur. Excepteur sint occaecat cupidatat non proident, sunt in culpa qui officia deserunt mollit anim id est laborum.</p>\", \"show_in_menus\": false, \"search_description\": \"\", \"path\": \"00010001000A\", \"body_five\": \"<p>Lorem ipsum dolor sit amet, consectetur adipiscing elit, sed do eiusmod tempor incididunt ut labore et dolore magna aliqua. Ut enim ad minim veniam, quis nostrud exercitation ullamco laboris nisi ut aliquip ex ea commodo consequat. Duis aute irure dolor in reprehenderit in voluptate velit esse cillum dolore eu fugiat nulla pariatur. Excepteur sint occaecat cupidatat non proident, sunt in culpa qui officia deserunt mollit anim id est laborum.</p>\", \"live_revision\": 38, \"body_two\": \"<p>Lorem ipsum dolor sit amet, consectetur adipiscing elit, sed do eiusmod tempor incididunt ut labore et dolore magna aliqua. Ut enim ad minim veniam, quis nostrud exercitation ullamco laboris nisi ut aliquip ex ea commodo consequat. Duis aute irure dolor in reprehenderit in voluptate velit esse cillum dolore eu fugiat nulla pariatur. Excepteur sint occaecat cupidatat non proident, sunt in culpa qui officia deserunt mollit anim id est laborum.</p>\", \"title\": \"About us | What is Stemletics\", \"header_four\": \"<p>Courses &amp; Lessons</p>\", \"last_published_at\": \"2019-01-13T19:29:44.801Z\", \"header\": \"<p>What is Stemletics?</p>\", \"pk\": 20, \"slug\": \"about\", \"depth\": 3, \"draft_title\": \"About us | What is Stemletics\", \"header_two\": \"<p>Athetetics</p>\", \"numchild\": 0, \"content_type\": 7, \"live\": true, \"go_live_at\": null, \"owner\": 2, \"header_five\": \"<p>Events</p>\"}",
        "approved_go_live_at": null
    }
},
{
    "model": "wagtailcore.pagerevision",
    "pk": 42,
    "fields": {
        "page": 21,
        "submitted_for_moderation": false,
        "created_at": "2019-01-13T22:41:17.007Z",
        "user": [
            "dominicmazzola@gmail.com"
        ],
        "content_json": "{\"show_in_menus\": false, \"pk\": 21, \"live\": true, \"seo_title\": \"\", \"expired\": false, \"locked\": false, \"from_address\": \"hello@modwebservices.com\", \"url_path\": \"/home/recruitment/\", \"first_published_at\": null, \"path\": \"00010001000B\", \"draft_title\": \"jobs\", \"has_unpublished_changes\": false, \"latest_revision_created_at\": null, \"depth\": 3, \"form_fields\": [{\"field_type\": \"singleline\", \"pk\": 1, \"sort_order\": 0, \"default_value\": \"\", \"choices\": \"\", \"label\": \"name\", \"required\": true, \"page\": 21, \"help_text\": \"\"}], \"owner\": 2, \"go_live_at\": null, \"subject\": \"HELLO\", \"slug\": \"recruitment\", \"thank_you_text\": \"<p></p>\", \"title\": \"jobs\", \"numchild\": 0, \"thank_you_page\": 20, \"live_revision\": null, \"content_type\": 9, \"to_address\": \"\", \"search_description\": \"\", \"intro\": \"<p></p>\", \"expire_at\": null, \"last_published_at\": null}",
        "approved_go_live_at": null
    }
},
{
    "model": "wagtailcore.pagerevision",
    "pk": 43,
    "fields": {
        "page": 21,
        "submitted_for_moderation": false,
        "created_at": "2019-01-13T22:50:43.544Z",
        "user": [
            "dominicmazzola@gmail.com"
        ],
        "content_json": "{\"show_in_menus\": false, \"pk\": 21, \"live\": true, \"seo_title\": \"\", \"expired\": false, \"locked\": false, \"from_address\": \"hello@modwebservices.com\", \"url_path\": \"/home/recruitment/\", \"first_published_at\": \"2019-01-13T22:41:17.040Z\", \"path\": \"00010001000B\", \"draft_title\": \"jobs\", \"has_unpublished_changes\": false, \"latest_revision_created_at\": \"2019-01-13T22:41:17.007Z\", \"depth\": 3, \"form_fields\": [{\"field_type\": \"singleline\", \"pk\": 1, \"sort_order\": 0, \"default_value\": \"\", \"choices\": \"\", \"label\": \"name\", \"required\": true, \"page\": 21, \"help_text\": \"Name\"}], \"owner\": 2, \"go_live_at\": null, \"subject\": \"HELLO\", \"slug\": \"recruitment\", \"thank_you_text\": \"<p></p>\", \"title\": \"Stemletics Recruitment | Apply Today\", \"numchild\": 0, \"thank_you_page\": 20, \"live_revision\": 42, \"content_type\": 9, \"to_address\": \"\", \"search_description\": \"\", \"intro\": \"<p></p>\", \"expire_at\": null, \"last_published_at\": \"2019-01-13T22:41:17.040Z\"}",
        "approved_go_live_at": null
    }
},
{
    "model": "wagtailcore.pagerevision",
    "pk": 44,
    "fields": {
        "page": 5,
        "submitted_for_moderation": false,
        "created_at": "2019-01-20T22:10:38.169Z",
        "user": [
            "dominicmazzola@gmail.com"
        ],
        "content_json": "{\"owner\": 2, \"pk\": 5, \"subject\": \"\", \"title\": \"Contact Us\", \"live_revision\": 4, \"thank_you_page\": null, \"content_type\": 12, \"last_published_at\": \"2018-10-18T05:42:49.163Z\", \"expire_at\": null, \"form_fields\": [{\"help_text\": \"First name\", \"page\": 5, \"pk\": 1, \"label\": \"First name\", \"sort_order\": 0, \"required\": true, \"default_value\": \"First name\", \"field_type\": \"singleline\", \"choices\": \"\"}, {\"help_text\": \"Last name\", \"page\": 5, \"pk\": 2, \"label\": \"Last name\", \"sort_order\": 1, \"required\": true, \"default_value\": \"Last name\", \"field_type\": \"singleline\", \"choices\": \"\"}, {\"help_text\": \"Email\", \"page\": 5, \"pk\": 3, \"label\": \"Email\", \"sort_order\": 2, \"required\": true, \"default_value\": \"Email\", \"field_type\": \"email\", \"choices\": \"\"}, {\"help_text\": \"Please enter a phone number\", \"page\": 5, \"pk\": 4, \"label\": \"Phone number\", \"sort_order\": 3, \"required\": true, \"default_value\": \"123 456 7890\", \"field_type\": \"singleline\", \"choices\": \"\"}, {\"help_text\": \"How can we help you\", \"page\": 5, \"pk\": 5, \"label\": \"How can we help you\", \"sort_order\": 4, \"required\": true, \"default_value\": \"How can we help you?\", \"field_type\": \"multiline\", \"choices\": \"\"}], \"has_unpublished_changes\": false, \"thank_you_text\": \"<p></p>\", \"go_live_at\": null, \"latest_revision_created_at\": \"2018-10-18T05:42:49.114Z\", \"first_published_at\": \"2018-10-18T05:42:35.557Z\", \"intro\": \"<p></p>\", \"depth\": 3, \"locked\": false, \"live\": true, \"expired\": false, \"to_address\": \"\", \"search_description\": \"\", \"url_path\": \"/home/contact/\", \"slug\": \"contact\", \"show_in_menus\": false, \"numchild\": 0, \"draft_title\": \"Contact Us\", \"from_address\": \"\", \"seo_title\": \"\", \"path\": \"000100010002\"}",
        "approved_go_live_at": null
    }
},
{
    "model": "wagtailcore.pagerevision",
    "pk": 45,
    "fields": {
        "page": 5,
        "submitted_for_moderation": false,
        "created_at": "2019-01-20T22:11:07.990Z",
        "user": [
            "dominicmazzola@gmail.com"
        ],
        "content_json": "{\"owner\": 2, \"pk\": 5, \"subject\": \"\", \"title\": \"Contact Us\", \"live_revision\": 44, \"thank_you_page\": null, \"content_type\": 12, \"last_published_at\": \"2019-01-20T22:10:38.218Z\", \"expire_at\": null, \"form_fields\": [{\"help_text\": \"First name\", \"page\": 5, \"pk\": 1, \"label\": \"First name\", \"sort_order\": 0, \"required\": true, \"default_value\": \"First name\", \"field_type\": \"singleline\", \"choices\": \"\"}, {\"help_text\": \"Last name\", \"page\": 5, \"pk\": 2, \"label\": \"Last name\", \"sort_order\": 1, \"required\": true, \"default_value\": \"Last name\", \"field_type\": \"singleline\", \"choices\": \"\"}, {\"help_text\": \"Email\", \"page\": 5, \"pk\": 3, \"label\": \"Email\", \"sort_order\": 2, \"required\": true, \"default_value\": \"Email@Stemletics.com\", \"field_type\": \"email\", \"choices\": \"\"}, {\"help_text\": \"Please enter a phone number\", \"page\": 5, \"pk\": 4, \"label\": \"Phone number\", \"sort_order\": 3, \"required\": true, \"default_value\": \"123 456 7890\", \"field_type\": \"singleline\", \"choices\": \"\"}, {\"help_text\": \"How can we help you\", \"page\": 5, \"pk\": 5, \"label\": \"How can we help you\", \"sort_order\": 4, \"required\": true, \"default_value\": \"How can we help you?\", \"field_type\": \"multiline\", \"choices\": \"\"}], \"has_unpublished_changes\": false, \"thank_you_text\": \"<p></p>\", \"go_live_at\": null, \"latest_revision_created_at\": \"2019-01-20T22:10:38.169Z\", \"first_published_at\": \"2018-10-18T05:42:35.557Z\", \"intro\": \"<p></p>\", \"depth\": 3, \"locked\": false, \"live\": true, \"expired\": false, \"to_address\": \"\", \"search_description\": \"\", \"url_path\": \"/home/contact/\", \"slug\": \"contact\", \"show_in_menus\": false, \"numchild\": 0, \"draft_title\": \"Contact Us\", \"from_address\": \"\", \"seo_title\": \"\", \"path\": \"000100010002\"}",
        "approved_go_live_at": null
    }
},
{
    "model": "wagtailcore.pagerevision",
    "pk": 46,
    "fields": {
        "page": 5,
        "submitted_for_moderation": false,
        "created_at": "2019-01-20T22:11:40.133Z",
        "user": [
            "dominicmazzola@gmail.com"
        ],
        "content_json": "{\"owner\": 2, \"pk\": 5, \"subject\": \"\", \"title\": \"Contact Us\", \"live_revision\": 45, \"thank_you_page\": null, \"content_type\": 12, \"last_published_at\": \"2019-01-20T22:11:08.043Z\", \"expire_at\": null, \"form_fields\": [{\"help_text\": \"First name\", \"page\": 5, \"pk\": 1, \"label\": \"First name\", \"sort_order\": 0, \"required\": true, \"default_value\": \"First Name\", \"field_type\": \"singleline\", \"choices\": \"\"}, {\"help_text\": \"Last name\", \"page\": 5, \"pk\": 2, \"label\": \"Last name\", \"sort_order\": 1, \"required\": true, \"default_value\": \"Last Name\", \"field_type\": \"singleline\", \"choices\": \"\"}, {\"help_text\": \"Email\", \"page\": 5, \"pk\": 3, \"label\": \"Email\", \"sort_order\": 2, \"required\": true, \"default_value\": \"Email@Stemletics.com\", \"field_type\": \"email\", \"choices\": \"\"}, {\"help_text\": \"Please enter a phone number\", \"page\": 5, \"pk\": 4, \"label\": \"Phone number\", \"sort_order\": 3, \"required\": true, \"default_value\": \"123 456 7890\", \"field_type\": \"singleline\", \"choices\": \"\"}, {\"help_text\": \"How can we help you\", \"page\": 5, \"pk\": 5, \"label\": \"How can we help you\", \"sort_order\": 4, \"required\": true, \"default_value\": \"How can we help you?\", \"field_type\": \"multiline\", \"choices\": \"\"}], \"has_unpublished_changes\": false, \"thank_you_text\": \"<p></p>\", \"go_live_at\": null, \"latest_revision_created_at\": \"2019-01-20T22:11:07.990Z\", \"first_published_at\": \"2018-10-18T05:42:35.557Z\", \"intro\": \"<p></p>\", \"depth\": 3, \"locked\": false, \"live\": true, \"expired\": false, \"to_address\": \"\", \"search_description\": \"\", \"url_path\": \"/home/contact/\", \"slug\": \"contact\", \"show_in_menus\": false, \"numchild\": 0, \"draft_title\": \"Contact Us\", \"from_address\": \"\", \"seo_title\": \"\", \"path\": \"000100010002\"}",
        "approved_go_live_at": null
    }
},
{
    "model": "wagtailcore.pagerevision",
    "pk": 47,
    "fields": {
        "page": 21,
        "submitted_for_moderation": false,
        "created_at": "2019-01-25T00:54:24.398Z",
        "user": [
            "dominicmazzola@gmail.com"
        ],
        "content_json": "{\"search_description\": \"\", \"has_unpublished_changes\": false, \"expired\": false, \"thank_you_page\": 20, \"intro\": \"<p></p>\", \"show_in_menus\": false, \"expire_at\": null, \"locked\": false, \"url_path\": \"/home/recruitment/\", \"last_published_at\": \"2019-01-13T22:50:43.581Z\", \"numchild\": 0, \"draft_title\": \"Stemletics Recruitment | Apply Today\", \"content_type\": 9, \"path\": \"00010001000B\", \"title\": \"Stemletics Recruitment | Apply Today\", \"live_revision\": 43, \"live\": true, \"form_fields\": [{\"pk\": 1, \"page\": 21, \"help_text\": \"First Name\", \"field_type\": \"singleline\", \"choices\": \"\", \"sort_order\": 0, \"label\": \"First Name\", \"default_value\": \"First Name\", \"required\": true}, {\"pk\": null, \"page\": 21, \"help_text\": \"Last Name\", \"field_type\": \"singleline\", \"choices\": \"\", \"sort_order\": 1, \"label\": \"Last Name\", \"default_value\": \"Last Name\", \"required\": true}, {\"pk\": null, \"page\": 21, \"help_text\": \"Email\", \"field_type\": \"email\", \"choices\": \"\", \"sort_order\": 2, \"label\": \"Email@Stemletics.com\", \"default_value\": \"Email@Stemletics.com\", \"required\": true}, {\"pk\": null, \"page\": 21, \"help_text\": \"Phone\", \"field_type\": \"number\", \"choices\": \"\", \"sort_order\": 3, \"label\": \"Phone\", \"default_value\": \"123 456-7890\", \"required\": true}], \"subject\": \"HELLO\", \"to_address\": \"\", \"thank_you_text\": \"<p></p>\", \"first_published_at\": \"2019-01-13T22:41:17.040Z\", \"go_live_at\": null, \"pk\": 21, \"owner\": 2, \"latest_revision_created_at\": \"2019-01-13T22:50:43.544Z\", \"from_address\": \"hello@modwebservices.com\", \"seo_title\": \"\", \"depth\": 3, \"slug\": \"recruitment\"}",
        "approved_go_live_at": null
    }
},
{
    "model": "wagtailcore.pagerevision",
    "pk": 48,
    "fields": {
        "page": 21,
        "submitted_for_moderation": false,
        "created_at": "2019-01-25T00:55:27.658Z",
        "user": [
            "dominicmazzola@gmail.com"
        ],
        "content_json": "{\"search_description\": \"\", \"has_unpublished_changes\": false, \"expired\": false, \"thank_you_page\": 20, \"intro\": \"<p></p>\", \"show_in_menus\": false, \"expire_at\": null, \"locked\": false, \"url_path\": \"/home/recruitment/\", \"last_published_at\": \"2019-01-25T00:54:24.451Z\", \"numchild\": 0, \"draft_title\": \"Stemletics Recruitment | Apply Today\", \"content_type\": 9, \"path\": \"00010001000B\", \"title\": \"Stemletics Recruitment | Apply Today\", \"live_revision\": 47, \"live\": true, \"form_fields\": [{\"pk\": 1, \"page\": 21, \"help_text\": \"First Name\", \"field_type\": \"singleline\", \"choices\": \"\", \"sort_order\": 0, \"label\": \"First Name\", \"default_value\": \"First Name\", \"required\": true}, {\"pk\": 2, \"page\": 21, \"help_text\": \"Last Name\", \"field_type\": \"singleline\", \"choices\": \"\", \"sort_order\": 1, \"label\": \"Last Name\", \"default_value\": \"Last Name\", \"required\": true}, {\"pk\": 3, \"page\": 21, \"help_text\": \"Email\", \"field_type\": \"email\", \"choices\": \"\", \"sort_order\": 2, \"label\": \"Email@Stemletics.com\", \"default_value\": \"Email@Stemletics.com\", \"required\": true}, {\"pk\": 4, \"page\": 21, \"help_text\": \"Phone\", \"field_type\": \"number\", \"choices\": \"\", \"sort_order\": 3, \"label\": \"Phone\", \"default_value\": \"123 457 890\", \"required\": true}], \"subject\": \"HELLO\", \"to_address\": \"\", \"thank_you_text\": \"<p></p>\", \"first_published_at\": \"2019-01-13T22:41:17.040Z\", \"go_live_at\": null, \"pk\": 21, \"owner\": 2, \"latest_revision_created_at\": \"2019-01-25T00:54:24.398Z\", \"from_address\": \"hello@modwebservices.com\", \"seo_title\": \"\", \"depth\": 3, \"slug\": \"recruitment\"}",
        "approved_go_live_at": null
    }
},
{
    "model": "wagtailcore.pagerevision",
    "pk": 49,
    "fields": {
        "page": 21,
        "submitted_for_moderation": false,
        "created_at": "2019-01-25T00:57:24.511Z",
        "user": [
            "dominicmazzola@gmail.com"
        ],
        "content_json": "{\"search_description\": \"\", \"has_unpublished_changes\": false, \"expired\": false, \"thank_you_page\": 20, \"intro\": \"<p></p>\", \"show_in_menus\": false, \"expire_at\": null, \"locked\": false, \"url_path\": \"/home/recruitment/\", \"last_published_at\": \"2019-01-25T00:55:27.708Z\", \"numchild\": 0, \"draft_title\": \"Stemletics Recruitment | Apply Today\", \"content_type\": 9, \"path\": \"00010001000B\", \"title\": \"Stemletics Recruitment | Apply Today\", \"live_revision\": 48, \"live\": true, \"form_fields\": [{\"pk\": 1, \"page\": 21, \"help_text\": \"First Name\", \"field_type\": \"singleline\", \"choices\": \"\", \"sort_order\": 0, \"label\": \"First Name\", \"default_value\": \"First Name\", \"required\": true}, {\"pk\": 2, \"page\": 21, \"help_text\": \"Last Name\", \"field_type\": \"singleline\", \"choices\": \"\", \"sort_order\": 1, \"label\": \"Last Name\", \"default_value\": \"Last Name\", \"required\": true}, {\"pk\": 3, \"page\": 21, \"help_text\": \"Email\", \"field_type\": \"email\", \"choices\": \"\", \"sort_order\": 2, \"label\": \"Email@Stemletics.com\", \"default_value\": \"Email@Stemletics.com\", \"required\": true}, {\"pk\": 4, \"page\": 21, \"help_text\": \"Phone\", \"field_type\": \"number\", \"choices\": \"\", \"sort_order\": 3, \"label\": \"Phone\", \"default_value\": \"123 457 890\", \"required\": true}, {\"pk\": null, \"page\": 21, \"help_text\": \"\", \"field_type\": \"checkbox\", \"choices\": \"\", \"sort_order\": 4, \"label\": \"Disclaimer\", \"default_value\": \"By checking the box below I provide my signature and certify that my responses are true and complete to the best of my knowledge. If this application leads to employment, I understand that false or misleading information in my application and/or interview\", \"required\": true}], \"subject\": \"HELLO\", \"to_address\": \"\", \"thank_you_text\": \"<p></p>\", \"first_published_at\": \"2019-01-13T22:41:17.040Z\", \"go_live_at\": null, \"pk\": 21, \"owner\": 2, \"latest_revision_created_at\": \"2019-01-25T00:55:27.658Z\", \"from_address\": \"hello@modwebservices.com\", \"seo_title\": \"\", \"depth\": 3, \"slug\": \"recruitment\"}",
        "approved_go_live_at": null
    }
},
{
    "model": "wagtailcore.pagerevision",
    "pk": 50,
    "fields": {
        "page": 21,
        "submitted_for_moderation": false,
        "created_at": "2019-01-25T00:58:15.085Z",
        "user": [
            "dominicmazzola@gmail.com"
        ],
        "content_json": "{\"search_description\": \"\", \"has_unpublished_changes\": false, \"expired\": false, \"thank_you_page\": 20, \"intro\": \"<p></p>\", \"show_in_menus\": false, \"expire_at\": null, \"locked\": false, \"url_path\": \"/home/recruitment/\", \"last_published_at\": \"2019-01-25T00:57:24.572Z\", \"numchild\": 0, \"draft_title\": \"Stemletics Recruitment | Apply Today\", \"content_type\": 9, \"path\": \"00010001000B\", \"title\": \"Stemletics Recruitment | Apply Today\", \"live_revision\": 49, \"live\": true, \"form_fields\": [{\"pk\": 1, \"page\": 21, \"help_text\": \"First Name\", \"field_type\": \"singleline\", \"choices\": \"\", \"sort_order\": 0, \"label\": \"First Name\", \"default_value\": \"First Name\", \"required\": true}, {\"pk\": 2, \"page\": 21, \"help_text\": \"Last Name\", \"field_type\": \"singleline\", \"choices\": \"\", \"sort_order\": 1, \"label\": \"Last Name\", \"default_value\": \"Last Name\", \"required\": true}, {\"pk\": 3, \"page\": 21, \"help_text\": \"Email\", \"field_type\": \"email\", \"choices\": \"\", \"sort_order\": 2, \"label\": \"Email@Stemletics.com\", \"default_value\": \"Email@Stemletics.com\", \"required\": true}, {\"pk\": 4, \"page\": 21, \"help_text\": \"Phone\", \"field_type\": \"singleline\", \"choices\": \"\", \"sort_order\": 3, \"label\": \"Phone\", \"default_value\": \"123 456-7890\", \"required\": true}, {\"pk\": 5, \"page\": 21, \"help_text\": \"\", \"field_type\": \"checkbox\", \"choices\": \"\", \"sort_order\": 4, \"label\": \"Disclaimer\", \"default_value\": \"By checking the box below I provide my signature and certify that my responses are true and complete to the best of my knowledge. If this application leads to employment, I understand that false or misleading information in my application and/or interview\", \"required\": true}], \"subject\": \"HELLO\", \"to_address\": \"\", \"thank_you_text\": \"<p></p>\", \"first_published_at\": \"2019-01-13T22:41:17.040Z\", \"go_live_at\": null, \"pk\": 21, \"owner\": 2, \"latest_revision_created_at\": \"2019-01-25T00:57:24.511Z\", \"from_address\": \"hello@modwebservices.com\", \"seo_title\": \"\", \"depth\": 3, \"slug\": \"recruitment\"}",
        "approved_go_live_at": null
    }
},
{
    "model": "wagtailcore.pagerevision",
    "pk": 51,
    "fields": {
        "page": 21,
        "submitted_for_moderation": false,
        "created_at": "2019-01-25T00:58:55.644Z",
        "user": [
            "dominicmazzola@gmail.com"
        ],
        "content_json": "{\"search_description\": \"\", \"has_unpublished_changes\": false, \"expired\": false, \"thank_you_page\": 20, \"intro\": \"<p></p>\", \"show_in_menus\": false, \"expire_at\": null, \"locked\": false, \"url_path\": \"/home/recruitment/\", \"last_published_at\": \"2019-01-25T00:58:15.135Z\", \"numchild\": 0, \"draft_title\": \"Stemletics Recruitment | Apply Today\", \"content_type\": 9, \"path\": \"00010001000B\", \"title\": \"Stemletics Recruitment | Apply Today\", \"live_revision\": 50, \"live\": true, \"form_fields\": [{\"pk\": 1, \"page\": 21, \"help_text\": \"First Name\", \"field_type\": \"singleline\", \"choices\": \"\", \"sort_order\": 0, \"label\": \"First Name\", \"default_value\": \"First Name\", \"required\": true}, {\"pk\": 2, \"page\": 21, \"help_text\": \"Last Name\", \"field_type\": \"singleline\", \"choices\": \"\", \"sort_order\": 1, \"label\": \"Last Name\", \"default_value\": \"Last Name\", \"required\": true}, {\"pk\": 3, \"page\": 21, \"help_text\": \"Email\", \"field_type\": \"email\", \"choices\": \"\", \"sort_order\": 2, \"label\": \"Email@Stemletics.com\", \"default_value\": \"Email@Stemletics.com\", \"required\": true}, {\"pk\": 4, \"page\": 21, \"help_text\": \"Phone\", \"field_type\": \"singleline\", \"choices\": \"\", \"sort_order\": 3, \"label\": \"Phone\", \"default_value\": \"123 456-7890\", \"required\": true}, {\"pk\": 5, \"page\": 21, \"help_text\": \"\", \"field_type\": \"checkbox\", \"choices\": \"\", \"sort_order\": 4, \"label\": \"Disclaimer\", \"default_value\": \"\", \"required\": true}], \"subject\": \"HELLO\", \"to_address\": \"\", \"thank_you_text\": \"<p></p>\", \"first_published_at\": \"2019-01-13T22:41:17.040Z\", \"go_live_at\": null, \"pk\": 21, \"owner\": 2, \"latest_revision_created_at\": \"2019-01-25T00:58:15.085Z\", \"from_address\": \"hello@modwebservices.com\", \"seo_title\": \"\", \"depth\": 3, \"slug\": \"recruitment\"}",
        "approved_go_live_at": null
    }
},
{
    "model": "wagtailcore.pagerevision",
    "pk": 52,
    "fields": {
        "page": 5,
        "submitted_for_moderation": false,
        "created_at": "2019-01-25T01:14:35.657Z",
        "user": [
            "dominicmazzola@gmail.com"
        ],
        "content_json": "{\"search_description\": \"\", \"has_unpublished_changes\": false, \"expired\": false, \"thank_you_page\": null, \"intro\": \"<p></p>\", \"show_in_menus\": false, \"expire_at\": null, \"locked\": false, \"url_path\": \"/home/contact/\", \"last_published_at\": \"2019-01-20T22:11:40.193Z\", \"numchild\": 0, \"draft_title\": \"Contact Us\", \"content_type\": 12, \"path\": \"000100010002\", \"title\": \"Contact Us\", \"live_revision\": 46, \"live\": true, \"form_fields\": [{\"pk\": 1, \"page\": 5, \"help_text\": \"First name\", \"field_type\": \"singleline\", \"choices\": \"\", \"sort_order\": 0, \"label\": \"First name\", \"default_value\": \"\", \"required\": true}, {\"pk\": 2, \"page\": 5, \"help_text\": \"Last name\", \"field_type\": \"singleline\", \"choices\": \"\", \"sort_order\": 1, \"label\": \"Last name\", \"default_value\": \"\", \"required\": true}, {\"pk\": 3, \"page\": 5, \"help_text\": \"Email\", \"field_type\": \"email\", \"choices\": \"\", \"sort_order\": 2, \"label\": \"Email\", \"default_value\": \"\", \"required\": true}, {\"pk\": 4, \"page\": 5, \"help_text\": \"Please enter a phone number\", \"field_type\": \"singleline\", \"choices\": \"\", \"sort_order\": 3, \"label\": \"Phone number\", \"default_value\": \"\", \"required\": true}, {\"pk\": 5, \"page\": 5, \"help_text\": \"How can we help you\", \"field_type\": \"multiline\", \"choices\": \"\", \"sort_order\": 4, \"label\": \"How can we help you?\", \"default_value\": \"\", \"required\": true}], \"subject\": \"\", \"to_address\": \"\", \"thank_you_text\": \"<p></p>\", \"first_published_at\": \"2018-10-18T05:42:35.557Z\", \"go_live_at\": null, \"pk\": 5, \"owner\": 2, \"latest_revision_created_at\": \"2019-01-20T22:11:40.133Z\", \"from_address\": \"\", \"seo_title\": \"\", \"depth\": 3, \"slug\": \"contact\"}",
        "approved_go_live_at": null
    }
},
{
    "model": "wagtailcore.pagerevision",
    "pk": 53,
    "fields": {
        "page": 5,
        "submitted_for_moderation": false,
        "created_at": "2019-01-25T01:19:12.631Z",
        "user": [
            "dominicmazzola@gmail.com"
        ],
        "content_json": "{\"search_description\": \"\", \"has_unpublished_changes\": false, \"expired\": false, \"thank_you_page\": null, \"intro\": \"<p></p>\", \"show_in_menus\": false, \"expire_at\": null, \"locked\": false, \"url_path\": \"/home/contact/\", \"last_published_at\": \"2019-01-25T01:14:35.711Z\", \"numchild\": 0, \"draft_title\": \"Contact Us\", \"content_type\": 12, \"path\": \"000100010002\", \"title\": \"Contact Us\", \"live_revision\": 52, \"live\": true, \"form_fields\": [{\"pk\": 1, \"page\": 5, \"help_text\": \"First name\", \"field_type\": \"singleline\", \"choices\": \"\", \"sort_order\": 0, \"label\": \"First name\", \"default_value\": \"\", \"required\": true}, {\"pk\": 2, \"page\": 5, \"help_text\": \"Last name\", \"field_type\": \"singleline\", \"choices\": \"\", \"sort_order\": 1, \"label\": \"Last name\", \"default_value\": \"\", \"required\": true}, {\"pk\": 3, \"page\": 5, \"help_text\": \"Email\", \"field_type\": \"email\", \"choices\": \"\", \"sort_order\": 2, \"label\": \"Email\", \"default_value\": \"\", \"required\": true}, {\"pk\": 4, \"page\": 5, \"help_text\": \"Please enter a phone number\", \"field_type\": \"singleline\", \"choices\": \"\", \"sort_order\": 3, \"label\": \"Phone number\", \"default_value\": \"\", \"required\": true}, {\"pk\": 5, \"page\": 5, \"help_text\": \"How can we help you\", \"field_type\": \"multiline\", \"choices\": \"\", \"sort_order\": 4, \"label\": \"How can we help you?\", \"default_value\": \"\", \"required\": true}], \"subject\": \"\", \"to_address\": \"\", \"thank_you_text\": \"<p></p>\", \"first_published_at\": \"2018-10-18T05:42:35.557Z\", \"go_live_at\": null, \"pk\": 5, \"owner\": 2, \"latest_revision_created_at\": \"2019-01-25T01:14:35.657Z\", \"from_address\": \"\", \"seo_title\": \"\", \"depth\": 3, \"slug\": \"contact\"}",
        "approved_go_live_at": null
    }
},
{
    "model": "wagtailcore.pagerevision",
    "pk": 54,
    "fields": {
        "page": 21,
        "submitted_for_moderation": false,
        "created_at": "2019-01-25T01:20:41.742Z",
        "user": [
            "dominicmazzola@gmail.com"
        ],
        "content_json": "{\"search_description\": \"\", \"has_unpublished_changes\": false, \"expired\": false, \"thank_you_page\": 20, \"intro\": \"<p></p>\", \"show_in_menus\": false, \"expire_at\": null, \"locked\": false, \"url_path\": \"/home/recruitment/\", \"last_published_at\": \"2019-01-25T00:58:55.703Z\", \"numchild\": 0, \"draft_title\": \"Stemletics Recruitment | Apply Today\", \"content_type\": 9, \"path\": \"00010001000B\", \"title\": \"Stemletics Recruitment | Apply Today\", \"live_revision\": 51, \"live\": true, \"form_fields\": [{\"pk\": 1, \"page\": 21, \"help_text\": \"\", \"field_type\": \"singleline\", \"choices\": \"\", \"sort_order\": 0, \"label\": \"First Name\", \"default_value\": \"\", \"required\": true}, {\"pk\": 2, \"page\": 21, \"help_text\": \"\", \"field_type\": \"singleline\", \"choices\": \"\", \"sort_order\": 1, \"label\": \"Last Name\", \"default_value\": \"\", \"required\": true}, {\"pk\": 3, \"page\": 21, \"help_text\": \"\", \"field_type\": \"email\", \"choices\": \"\", \"sort_order\": 2, \"label\": \"Email@Stemletics.com\", \"default_value\": \"\", \"required\": true}, {\"pk\": 4, \"page\": 21, \"help_text\": \"\", \"field_type\": \"singleline\", \"choices\": \"\", \"sort_order\": 3, \"label\": \"Phone\", \"default_value\": \"\", \"required\": true}, {\"pk\": 5, \"page\": 21, \"help_text\": \"\", \"field_type\": \"checkbox\", \"choices\": \"\", \"sort_order\": 4, \"label\": \"By checking the box below I provide my signature and certify that my responses are true and complete to the best of my knowledge. If this application leads to employment, I understand that false or misleading information in my application and/or interview\", \"default_value\": \"\", \"required\": true}], \"subject\": \"HELLO\", \"to_address\": \"\", \"thank_you_text\": \"<p></p>\", \"first_published_at\": \"2019-01-13T22:41:17.040Z\", \"go_live_at\": null, \"pk\": 21, \"owner\": 2, \"latest_revision_created_at\": \"2019-01-25T00:58:55.644Z\", \"from_address\": \"hello@modwebservices.com\", \"seo_title\": \"\", \"depth\": 3, \"slug\": \"recruitment\"}",
        "approved_go_live_at": null
    }
},
{
    "model": "wagtailcore.pagerevision",
    "pk": 55,
    "fields": {
        "page": 21,
        "submitted_for_moderation": false,
        "created_at": "2019-01-25T02:04:59.976Z",
        "user": [
            "dominicmazzola@gmail.com"
        ],
        "content_json": "{\"search_description\": \"\", \"has_unpublished_changes\": false, \"expired\": false, \"thank_you_page\": 20, \"intro\": \"<p></p>\", \"show_in_menus\": false, \"expire_at\": null, \"locked\": false, \"url_path\": \"/home/recruitment/\", \"last_published_at\": \"2019-01-25T01:20:41.797Z\", \"numchild\": 0, \"draft_title\": \"Stemletics Recruitment | Apply Today\", \"content_type\": 9, \"path\": \"00010001000B\", \"title\": \"Stemletics Recruitment | Apply Today\", \"live_revision\": 54, \"live\": true, \"form_fields\": [{\"pk\": 1, \"page\": 21, \"help_text\": \"\", \"field_type\": \"singleline\", \"choices\": \"\", \"sort_order\": 0, \"label\": \"First Name\", \"default_value\": \"\", \"required\": true}, {\"pk\": 2, \"page\": 21, \"help_text\": \"\", \"field_type\": \"singleline\", \"choices\": \"\", \"sort_order\": 1, \"label\": \"Last Name\", \"default_value\": \"\", \"required\": true}, {\"pk\": 3, \"page\": 21, \"help_text\": \"\", \"field_type\": \"email\", \"choices\": \"\", \"sort_order\": 2, \"label\": \"Email\", \"default_value\": \"\", \"required\": true}, {\"pk\": 4, \"page\": 21, \"help_text\": \"\", \"field_type\": \"singleline\", \"choices\": \"\", \"sort_order\": 3, \"label\": \"Phone\", \"default_value\": \"\", \"required\": true}, {\"pk\": 5, \"page\": 21, \"help_text\": \"\", \"field_type\": \"checkbox\", \"choices\": \"\", \"sort_order\": 4, \"label\": \"By checking the box below I provide my signature and certify that my responses are true and complete to the best of my knowledge. If this application leads to employment, I understand that false or misleading information in my application and/or interview\", \"default_value\": \"\", \"required\": true}], \"subject\": \"HELLO\", \"to_address\": \"\", \"thank_you_text\": \"<p></p>\", \"first_published_at\": \"2019-01-13T22:41:17.040Z\", \"go_live_at\": null, \"pk\": 21, \"owner\": 2, \"latest_revision_created_at\": \"2019-01-25T01:20:41.742Z\", \"from_address\": \"hello@modwebservices.com\", \"seo_title\": \"\", \"depth\": 3, \"slug\": \"recruitment\"}",
        "approved_go_live_at": null
    }
},
{
    "model": "wagtailcore.pagerevision",
    "pk": 56,
    "fields": {
        "page": 21,
        "submitted_for_moderation": false,
        "created_at": "2019-01-25T02:05:42.933Z",
        "user": [
            "dominicmazzola@gmail.com"
        ],
        "content_json": "{\"search_description\": \"\", \"has_unpublished_changes\": false, \"expired\": false, \"thank_you_page\": 20, \"intro\": \"<p></p>\", \"show_in_menus\": false, \"expire_at\": null, \"locked\": false, \"url_path\": \"/home/recruitment/\", \"last_published_at\": \"2019-01-25T02:05:00.029Z\", \"numchild\": 0, \"draft_title\": \"Stemletics Recruitment | Apply Today\", \"content_type\": 9, \"path\": \"00010001000B\", \"title\": \"Stemletics Recruitment | Apply Today\", \"live_revision\": 55, \"live\": true, \"form_fields\": [{\"pk\": 1, \"page\": 21, \"help_text\": \"\", \"field_type\": \"singleline\", \"choices\": \"\", \"sort_order\": 0, \"label\": \"First Name\", \"default_value\": \"\", \"required\": true}, {\"pk\": 2, \"page\": 21, \"help_text\": \"\", \"field_type\": \"singleline\", \"choices\": \"\", \"sort_order\": 1, \"label\": \"Last Name\", \"default_value\": \"\", \"required\": true}, {\"pk\": 3, \"page\": 21, \"help_text\": \"\", \"field_type\": \"email\", \"choices\": \"\", \"sort_order\": 2, \"label\": \"Email\", \"default_value\": \"\", \"required\": true}, {\"pk\": 4, \"page\": 21, \"help_text\": \"\", \"field_type\": \"singleline\", \"choices\": \"\", \"sort_order\": 3, \"label\": \"Phone\", \"default_value\": \"\", \"required\": true}, {\"pk\": 5, \"page\": 21, \"help_text\": \"\", \"field_type\": \"checkbox\", \"choices\": \"\", \"sort_order\": 4, \"label\": \"By checking the box below I provide my signature and certify that my responses are true and complete to the best of my knowledge. In addition, I agree to the Terms & Conditions of these site.\", \"default_value\": \"\", \"required\": true}], \"subject\": \"HELLO\", \"to_address\": \"\", \"thank_you_text\": \"<p></p>\", \"first_published_at\": \"2019-01-13T22:41:17.040Z\", \"go_live_at\": null, \"pk\": 21, \"owner\": 2, \"latest_revision_created_at\": \"2019-01-25T02:04:59.976Z\", \"from_address\": \"hello@modwebservices.com\", \"seo_title\": \"\", \"depth\": 3, \"slug\": \"recruitment\"}",
        "approved_go_live_at": null
    }
},
{
    "model": "wagtailcore.pagerevision",
    "pk": 57,
    "fields": {
        "page": 21,
        "submitted_for_moderation": false,
        "created_at": "2019-01-25T02:42:41.988Z",
        "user": [
            "dominicmazzola@gmail.com"
        ],
        "content_json": "{\"search_description\": \"\", \"has_unpublished_changes\": false, \"expired\": false, \"thank_you_page\": 20, \"intro\": \"<p></p>\", \"show_in_menus\": false, \"expire_at\": null, \"locked\": false, \"url_path\": \"/home/recruitment/\", \"last_published_at\": \"2019-01-25T02:05:42.982Z\", \"numchild\": 0, \"draft_title\": \"Stemletics Recruitment | Apply Today\", \"content_type\": 9, \"path\": \"00010001000B\", \"title\": \"Stemletics Recruitment | Apply Today\", \"live_revision\": 56, \"live\": true, \"form_fields\": [{\"pk\": 1, \"page\": 21, \"help_text\": \"\", \"field_type\": \"singleline\", \"choices\": \"\", \"sort_order\": 0, \"label\": \"First Name\", \"default_value\": \"\", \"required\": true}, {\"pk\": 2, \"page\": 21, \"help_text\": \"\", \"field_type\": \"singleline\", \"choices\": \"\", \"sort_order\": 1, \"label\": \"Last Name\", \"default_value\": \"\", \"required\": true}, {\"pk\": 3, \"page\": 21, \"help_text\": \"\", \"field_type\": \"email\", \"choices\": \"\", \"sort_order\": 2, \"label\": \"Email\", \"default_value\": \"\", \"required\": true}, {\"pk\": 4, \"page\": 21, \"help_text\": \"\", \"field_type\": \"singleline\", \"choices\": \"\", \"sort_order\": 3, \"label\": \"Phone\", \"default_value\": \"\", \"required\": true}, {\"pk\": 5, \"page\": 21, \"help_text\": \"\", \"field_type\": \"checkbox\", \"choices\": \"\", \"sort_order\": 4, \"label\": \"Disclaimer\", \"default_value\": \"\", \"required\": true}], \"subject\": \"HELLO\", \"to_address\": \"\", \"thank_you_text\": \"<p></p>\", \"first_published_at\": \"2019-01-13T22:41:17.040Z\", \"go_live_at\": null, \"pk\": 21, \"owner\": 2, \"latest_revision_created_at\": \"2019-01-25T02:05:42.933Z\", \"from_address\": \"hello@modwebservices.com\", \"seo_title\": \"\", \"depth\": 3, \"slug\": \"recruitment\"}",
        "approved_go_live_at": null
    }
},
{
    "model": "wagtailcore.pagerevision",
    "pk": 58,
    "fields": {
        "page": 20,
        "submitted_for_moderation": false,
        "created_at": "2019-01-26T00:42:14.884Z",
        "user": [
            "dominicmazzola@gmail.com"
        ],
        "content_json": "{\"header_four\": \"<p>Courses &amp; Lessons</p>\", \"search_description\": \"\", \"has_unpublished_changes\": false, \"expired\": false, \"gallery_images\": [], \"video_url\": \"https://www.youtube.com/embed/vONn-vrtRiYhttps://s3.amazonaws.com/stemletic/final+sample+lesson.mp4\", \"show_in_menus\": false, \"expire_at\": null, \"locked\": false, \"header_five\": \"<p>Events</p>\", \"url_path\": \"/home/about/\", \"last_published_at\": \"2019-01-13T19:51:22.118Z\", \"numchild\": 0, \"draft_title\": \"About us | What is Stemletics\", \"content_type\": 7, \"path\": \"00010001000A\", \"body_four\": \"<p>Lorem ipsum dolor sit amet, consectetur adipiscing elit, sed do eiusmod tempor incididunt ut labore et dolore magna aliqua. Ut enim ad minim veniam, quis nostrud exercitation ullamco laboris nisi ut aliquip ex ea commodo consequat. Duis aute irure dolor in reprehenderit in voluptate velit esse cillum dolore eu fugiat nulla pariatur. Excepteur sint occaecat cupidatat non proident, sunt in culpa qui officia deserunt mollit anim id est laborum.</p>\", \"title\": \"About us | What is Stemletics\", \"live_revision\": 40, \"live\": true, \"body_two\": \"<p>Lorem ipsum dolor sit amet, consectetur adipiscing elit, sed do eiusmod tempor incididunt ut labore et dolore magna aliqua. Ut enim ad minim veniam, quis nostrud exercitation ullamco laboris nisi ut aliquip ex ea commodo consequat. Duis aute irure dolor in reprehenderit in voluptate velit esse cillum dolore eu fugiat nulla pariatur. Excepteur sint occaecat cupidatat non proident, sunt in culpa qui officia deserunt mollit anim id est laborum.</p>\", \"header_three\": \"<p>Academics</p>\", \"header_two\": \"<p>Athetetics</p>\", \"body\": \"<p>Lorem ipsum dolor sit amet, consectetur adipiscing elit, sed do eiusmod tempor incididunt ut labore et dolore magna aliqua. Ut enim ad minim veniam, quis nostrud exercitation ullamco laboris nisi ut aliquip ex ea commodo consequat. Duis aute irure dolor in reprehenderit in voluptate velit esse cillum dolore eu fugiat nulla pariatur. Excepteur sint occaecat cupidatat non proident, sunt in culpa qui officia deserunt mollit anim id est laborum.</p>\", \"first_published_at\": \"2019-01-13T19:05:22.715Z\", \"go_live_at\": null, \"pk\": 20, \"header\": \"<p>What is Stemletics?</p>\", \"owner\": 2, \"latest_revision_created_at\": \"2019-01-13T19:51:22.073Z\", \"seo_title\": \"\", \"body_five\": \"<p>Lorem ipsum dolor sit amet, consectetur adipiscing elit, sed do eiusmod tempor incididunt ut labore et dolore magna aliqua. Ut enim ad minim veniam, quis nostrud exercitation ullamco laboris nisi ut aliquip ex ea commodo consequat. Duis aute irure dolor in reprehenderit in voluptate velit esse cillum dolore eu fugiat nulla pariatur. Excepteur sint occaecat cupidatat non proident, sunt in culpa qui officia deserunt mollit anim id est laborum.</p>\", \"body_three\": \"<p>Lorem ipsum dolor sit amet, consectetur adipiscing elit, sed do eiusmod tempor incididunt ut labore et dolore magna aliqua. Ut enim ad minim veniam, quis nostrud exercitation ullamco laboris nisi ut aliquip ex ea commodo consequat. Duis aute irure dolor in reprehenderit in voluptate velit esse cillum dolore eu fugiat nulla pariatur. Excepteur sint occaecat cupidatat non proident, sunt in culpa qui officia deserunt mollit anim id est laborum.</p>\", \"depth\": 3, \"slug\": \"about\"}",
        "approved_go_live_at": null
    }
},
{
    "model": "wagtailcore.pagerevision",
    "pk": 59,
    "fields": {
        "page": 20,
        "submitted_for_moderation": false,
        "created_at": "2019-01-26T00:42:46.638Z",
        "user": [
            "dominicmazzola@gmail.com"
        ],
        "content_json": "{\"header_four\": \"<p>Courses &amp; Lessons</p>\", \"search_description\": \"\", \"has_unpublished_changes\": false, \"expired\": false, \"gallery_images\": [], \"video_url\": \"https://s3.amazonaws.com/stemletic/final+sample+lesson.mp4\", \"show_in_menus\": false, \"expire_at\": null, \"locked\": false, \"header_five\": \"<p>Events</p>\", \"url_path\": \"/home/about/\", \"last_published_at\": \"2019-01-26T00:42:14.920Z\", \"numchild\": 0, \"draft_title\": \"About us | What is Stemletics\", \"content_type\": 7, \"path\": \"00010001000A\", \"body_four\": \"<p>Lorem ipsum dolor sit amet, consectetur adipiscing elit, sed do eiusmod tempor incididunt ut labore et dolore magna aliqua. Ut enim ad minim veniam, quis nostrud exercitation ullamco laboris nisi ut aliquip ex ea commodo consequat. Duis aute irure dolor in reprehenderit in voluptate velit esse cillum dolore eu fugiat nulla pariatur. Excepteur sint occaecat cupidatat non proident, sunt in culpa qui officia deserunt mollit anim id est laborum.</p>\", \"title\": \"About us | What is Stemletics\", \"live_revision\": 58, \"live\": true, \"body_two\": \"<p>Lorem ipsum dolor sit amet, consectetur adipiscing elit, sed do eiusmod tempor incididunt ut labore et dolore magna aliqua. Ut enim ad minim veniam, quis nostrud exercitation ullamco laboris nisi ut aliquip ex ea commodo consequat. Duis aute irure dolor in reprehenderit in voluptate velit esse cillum dolore eu fugiat nulla pariatur. Excepteur sint occaecat cupidatat non proident, sunt in culpa qui officia deserunt mollit anim id est laborum.</p>\", \"header_three\": \"<p>Academics</p>\", \"header_two\": \"<p>Athetetics</p>\", \"body\": \"<p>Lorem ipsum dolor sit amet, consectetur adipiscing elit, sed do eiusmod tempor incididunt ut labore et dolore magna aliqua. Ut enim ad minim veniam, quis nostrud exercitation ullamco laboris nisi ut aliquip ex ea commodo consequat. Duis aute irure dolor in reprehenderit in voluptate velit esse cillum dolore eu fugiat nulla pariatur. Excepteur sint occaecat cupidatat non proident, sunt in culpa qui officia deserunt mollit anim id est laborum.</p>\", \"first_published_at\": \"2019-01-13T19:05:22.715Z\", \"go_live_at\": null, \"pk\": 20, \"header\": \"<p>What is Stemletics?</p>\", \"owner\": 2, \"latest_revision_created_at\": \"2019-01-26T00:42:14.884Z\", \"seo_title\": \"\", \"body_five\": \"<p>Lorem ipsum dolor sit amet, consectetur adipiscing elit, sed do eiusmod tempor incididunt ut labore et dolore magna aliqua. Ut enim ad minim veniam, quis nostrud exercitation ullamco laboris nisi ut aliquip ex ea commodo consequat. Duis aute irure dolor in reprehenderit in voluptate velit esse cillum dolore eu fugiat nulla pariatur. Excepteur sint occaecat cupidatat non proident, sunt in culpa qui officia deserunt mollit anim id est laborum.</p>\", \"body_three\": \"<p>Lorem ipsum dolor sit amet, consectetur adipiscing elit, sed do eiusmod tempor incididunt ut labore et dolore magna aliqua. Ut enim ad minim veniam, quis nostrud exercitation ullamco laboris nisi ut aliquip ex ea commodo consequat. Duis aute irure dolor in reprehenderit in voluptate velit esse cillum dolore eu fugiat nulla pariatur. Excepteur sint occaecat cupidatat non proident, sunt in culpa qui officia deserunt mollit anim id est laborum.</p>\", \"depth\": 3, \"slug\": \"about\"}",
        "approved_go_live_at": null
    }
},
{
    "model": "wagtailcore.pagerevision",
    "pk": 60,
    "fields": {
        "page": 20,
        "submitted_for_moderation": false,
        "created_at": "2019-01-26T00:48:03.332Z",
        "user": [
            "dominicmazzola@gmail.com"
        ],
        "content_json": "{\"live_revision\": 59, \"slug\": \"about\", \"body_five\": \"<p>Lorem ipsum dolor sit amet, consectetur adipiscing elit, sed do eiusmod tempor incididunt ut labore et dolore magna aliqua. Ut enim ad minim veniam, quis nostrud exercitation ullamco laboris nisi ut aliquip ex ea commodo consequat. Duis aute irure dolor in reprehenderit in voluptate velit esse cillum dolore eu fugiat nulla pariatur. Excepteur sint occaecat cupidatat non proident, sunt in culpa qui officia deserunt mollit anim id est laborum.</p>\", \"path\": \"00010001000A\", \"title\": \"About us | What is Stemletics\", \"gallery_images\": [], \"header_three\": \"<p>Academics</p>\", \"live\": true, \"url_path\": \"/home/about/\", \"last_published_at\": \"2019-01-26T00:42:46.677Z\", \"search_description\": \"\", \"pk\": 20, \"locked\": false, \"show_in_menus\": false, \"seo_title\": \"\", \"first_published_at\": \"2019-01-13T19:05:22.715Z\", \"header_two\": \"<p>Athetetics</p>\", \"body\": \"<p>Lorem ipsum dolor sit amet, consectetur adipiscing elit, sed do eiusmod tempor incididunt ut labore et dolore magna aliqua. Ut enim ad minim veniam, quis nostrud exercitation ullamco laboris nisi ut aliquip ex ea commodo consequat. Duis aute irure dolor in reprehenderit in voluptate velit esse cillum dolore eu fugiat nulla pariatur. Excepteur sint occaecat cupidatat non proident, sunt in culpa qui officia deserunt mollit anim id est laborum.</p>\", \"video_thumbnail\": \"https://s3.amazonaws.com/stemletic/Selection_315.png\", \"depth\": 3, \"go_live_at\": null, \"header_four\": \"<p>Courses &amp; Lessons</p>\", \"body_four\": \"<p>Lorem ipsum dolor sit amet, consectetur adipiscing elit, sed do eiusmod tempor incididunt ut labore et dolore magna aliqua. Ut enim ad minim veniam, quis nostrud exercitation ullamco laboris nisi ut aliquip ex ea commodo consequat. Duis aute irure dolor in reprehenderit in voluptate velit esse cillum dolore eu fugiat nulla pariatur. Excepteur sint occaecat cupidatat non proident, sunt in culpa qui officia deserunt mollit anim id est laborum.</p>\", \"header_five\": \"<p>Events</p>\", \"expired\": false, \"has_unpublished_changes\": false, \"body_two\": \"<p>Lorem ipsum dolor sit amet, consectetur adipiscing elit, sed do eiusmod tempor incididunt ut labore et dolore magna aliqua. Ut enim ad minim veniam, quis nostrud exercitation ullamco laboris nisi ut aliquip ex ea commodo consequat. Duis aute irure dolor in reprehenderit in voluptate velit esse cillum dolore eu fugiat nulla pariatur. Excepteur sint occaecat cupidatat non proident, sunt in culpa qui officia deserunt mollit anim id est laborum.</p>\", \"draft_title\": \"About us | What is Stemletics\", \"header\": \"<p>What is Stemletics?</p>\", \"video_url\": \"https://s3.amazonaws.com/stemletic/final+sample+lesson.mp4\", \"content_type\": 7, \"latest_revision_created_at\": \"2019-01-26T00:42:46.638Z\", \"body_three\": \"<p>Lorem ipsum dolor sit amet, consectetur adipiscing elit, sed do eiusmod tempor incididunt ut labore et dolore magna aliqua. Ut enim ad minim veniam, quis nostrud exercitation ullamco laboris nisi ut aliquip ex ea commodo consequat. Duis aute irure dolor in reprehenderit in voluptate velit esse cillum dolore eu fugiat nulla pariatur. Excepteur sint occaecat cupidatat non proident, sunt in culpa qui officia deserunt mollit anim id est laborum.</p>\", \"expire_at\": null, \"owner\": 2, \"numchild\": 0}",
        "approved_go_live_at": null
    }
},
{
    "model": "wagtailcore.pagerevision",
    "pk": 61,
    "fields": {
        "page": 20,
        "submitted_for_moderation": false,
        "created_at": "2019-01-26T01:03:53.030Z",
        "user": [
            "dominicmazzola@gmail.com"
        ],
        "content_json": "{\"live_revision\": 60, \"slug\": \"about\", \"body_five\": \"<p>Lorem ipsum dolor sit amet, consectetur adipiscing elit, sed do eiusmod tempor incididunt ut labore et dolore magna aliqua. Ut enim ad minim veniam, quis nostrud exercitation ullamco laboris nisi ut aliquip ex ea commodo consequat. Duis aute irure dolor in reprehenderit in voluptate velit esse cillum dolore eu fugiat nulla pariatur. Excepteur sint occaecat cupidatat non proident, sunt in culpa qui officia deserunt mollit anim id est laborum.</p>\", \"path\": \"00010001000A\", \"title\": \"About us | What is Stemletics\", \"gallery_images\": [], \"header_three\": \"<p>Academics</p>\", \"live\": true, \"url_path\": \"/home/about/\", \"last_published_at\": \"2019-01-26T00:48:03.372Z\", \"search_description\": \"\", \"pk\": 20, \"locked\": false, \"show_in_menus\": false, \"seo_title\": \"\", \"first_published_at\": \"2019-01-13T19:05:22.715Z\", \"header_two\": \"<p>Athetetics</p>\", \"body\": \"<p>Lorem ipsum dolor sit amet, consectetur adipiscing elit, sed do eiusmod tempor incididunt ut labore et dolore magna aliqua. Ut enim ad minim veniam, quis nostrud exercitation ullamco laboris nisi ut aliquip ex ea commodo consequat. Duis aute irure dolor in reprehenderit in voluptate velit esse cillum dolore eu fugiat nulla pariatur. Excepteur sint occaecat cupidatat non proident, sunt in culpa qui officia deserunt mollit anim id est laborum.</p>\", \"video_thumbnail\": \"https://s3.amazonaws.com/stemletic/Selection_315.png\", \"depth\": 3, \"go_live_at\": null, \"header_four\": \"<p>Courses &amp; Lessons</p>\", \"body_four\": \"<p>Lorem ipsum dolor sit amet, consectetur adipiscing elit, sed do eiusmod tempor incididunt ut labore et dolore magna aliqua. Ut enim ad minim veniam, quis nostrud exercitation ullamco laboris nisi ut aliquip ex ea commodo consequat. Duis aute irure dolor in reprehenderit in voluptate velit esse cillum dolore eu fugiat nulla pariatur. Excepteur sint occaecat cupidatat non proident, sunt in culpa qui officia deserunt mollit anim id est laborum.</p>\", \"header_five\": \"<p>Events</p>\", \"expired\": false, \"has_unpublished_changes\": false, \"body_two\": \"<p>Lorem ipsum dolor sit amet, consectetur adipiscing elit, sed do eiusmod tempor incididunt ut labore et dolore magna aliqua. Ut enim ad minim veniam, quis nostrud exercitation ullamco laboris nisi ut aliquip ex ea commodo consequat. Duis aute irure dolor in reprehenderit in voluptate velit esse cillum dolore eu fugiat nulla pariatur. Excepteur sint occaecat cupidatat non proident, sunt in culpa qui officia deserunt mollit anim id est laborum.</p>\", \"draft_title\": \"About us | What is Stemletics\", \"header\": \"<p>What is Stemletics?</p>\", \"video_url\": \"https://s3.amazonaws.com/stemletic/final+sample+lesson.mp4\", \"content_type\": 7, \"latest_revision_created_at\": \"2019-01-26T00:48:03.332Z\", \"body_three\": \"<p>Lorem ipsum dolor sit amet, consectetur adipiscing elit, sed do eiusmod tempor incididunt ut labore et dolore magna aliqua. Ut enim ad minim veniam, quis nostrud exercitation ullamco laboris nisi ut aliquip ex ea commodo consequat. Duis aute irure dolor in reprehenderit in voluptate velit esse cillum dolore eu fugiat nulla pariatur. Excepteur sint occaecat cupidatat non proident, sunt in culpa qui officia deserunt mollit anim id est laborum.</p>\", \"expire_at\": null, \"owner\": 2, \"numchild\": 0}",
        "approved_go_live_at": null
    }
},
{
    "model": "wagtailcore.pagerevision",
    "pk": 62,
    "fields": {
        "page": 22,
        "submitted_for_moderation": false,
        "created_at": "2019-01-26T21:37:27.127Z",
        "user": [
            "dominicmazzola@gmail.com"
        ],
        "content_json": "{\"live\": true, \"pk\": 22, \"show_in_menus\": false, \"title\": \"Privacy Page | Stemletics\", \"depth\": 3, \"live_revision\": null, \"search_description\": \"\", \"expire_at\": null, \"draft_title\": \"Privacy Page | Stemletics\", \"owner\": 2, \"slug\": \"privacy-page-stemletics\", \"numchild\": 0, \"latest_revision_created_at\": null, \"first_published_at\": null, \"locked\": false, \"seo_title\": \"\", \"content_type\": 64, \"has_unpublished_changes\": false, \"expired\": false, \"go_live_at\": null, \"path\": \"00010001000C\", \"url_path\": \"/home/privacy-page-stemletics/\", \"last_published_at\": null}",
        "approved_go_live_at": null
    }
},
{
    "model": "wagtailcore.pagerevision",
    "pk": 63,
    "fields": {
        "page": 23,
        "submitted_for_moderation": false,
        "created_at": "2019-01-26T21:37:44.995Z",
        "user": [
            "dominicmazzola@gmail.com"
        ],
        "content_json": "{\"live\": true, \"pk\": 23, \"show_in_menus\": false, \"title\": \"Terms & Conditions | Stemletics\", \"depth\": 3, \"live_revision\": null, \"search_description\": \"\", \"expire_at\": null, \"draft_title\": \"Terms & Conditions | Stemletics\", \"owner\": 2, \"slug\": \"terms-conditions-stemletics\", \"numchild\": 0, \"latest_revision_created_at\": null, \"first_published_at\": null, \"locked\": false, \"seo_title\": \"\", \"content_type\": 65, \"has_unpublished_changes\": false, \"expired\": false, \"go_live_at\": null, \"path\": \"00010001000D\", \"url_path\": \"/home/terms-conditions-stemletics/\", \"last_published_at\": null}",
        "approved_go_live_at": null
    }
},
{
    "model": "wagtailcore.pagerevision",
    "pk": 64,
    "fields": {
        "page": 22,
        "submitted_for_moderation": false,
        "created_at": "2019-01-27T00:40:34.236Z",
        "user": [
            "dominicmazzola@gmail.com"
        ],
        "content_json": "{\"last_published_at\": \"2019-01-26T21:37:27.157Z\", \"depth\": 3, \"seo_title\": \"\", \"latest_revision_created_at\": \"2019-01-26T21:37:27.127Z\", \"show_in_menus\": false, \"locked\": false, \"slug\": \"privacy-page-stemletics\", \"expire_at\": null, \"live_revision\": 62, \"path\": \"00010001000C\", \"url_path\": \"/home/privacy-page-stemletics/\", \"expired\": false, \"search_description\": \"\", \"go_live_at\": null, \"draft_title\": \"Privacy Page | Stemletics\", \"live\": true, \"title\": \"Privacy Page | Stemletics\", \"owner\": 2, \"has_unpublished_changes\": false, \"content_type\": 64, \"first_published_at\": \"2019-01-26T21:37:27.157Z\", \"numchild\": 0, \"pk\": 22, \"content\": \"<p>Privacy Policy</p><p>Effective date: October 13, 2018</p><p>hose &amp; accessories of america, LLC (&quot;us&quot;, &quot;we&quot;, or &quot;our&quot;) operates the http://hose-accessories.com website (the &quot;Service&quot;).</p><p>This page informs you of our policies regarding the collection, use, and disclosure of personal data when you use our Service and the choices you have associated with that data. Our Privacy Policy for hose &amp; accessories of america, LLC is managed through <a href=\\\"https://www.freeprivacypolicy.com/free-privacy-policy-generator.php\\\">Free Privacy Policy</a>.</p><p>We use your data to provide and improve the Service. By using the Service, you agree to the collection and use of information in accordance with this policy. Unless otherwise defined in this Privacy Policy, terms used in this Privacy Policy have the same meanings as in our Terms and Conditions, accessible from http://hose-accessories.com</p><h2>Information Collection And Use</h2><p>We collect several different types of information for various purposes to provide and improve our Service to you.</p><h3>Types of Data Collected</h3><h4>Personal Data</h4><p>While using our Service, we may ask you to provide us with certain personally identifiable information that can be used to contact or identify you (&quot;Personal Data&quot;). Personally identifiable information may include, but is not limited to:</p><ul><li>Email address</li><li>First name and last name</li><li>Phone number</li><li>Cookies and Usage Data</li></ul><h4>Usage Data</h4><p>We may also collect information how the Service is accessed and used (&quot;Usage Data&quot;). This Usage Data may include information such as your computer&#x27;s Internet Protocol address (e.g. IP address), browser type, browser version, the pages of our Service that you visit, the time and date of your visit, the time spent on those pages, unique device identifiers and other diagnostic data.</p><h4>Tracking &amp; Cookies Data</h4><p>We use cookies and similar tracking technologies to track the activity on our Service and hold certain information.</p><p>Cookies are files with small amount of data which may include an anonymous unique identifier. Cookies are sent to your browser from a website and stored on your device. Tracking technologies also used are beacons, tags, and scripts to collect and track information and to improve and analyze our Service.</p><p>You can instruct your browser to refuse all cookies or to indicate when a cookie is being sent. However, if you do not accept cookies, you may not be able to use some portions of our Service.</p><p>Examples of Cookies we use:</p><ul><li><b>Session Cookies.</b> We use Session Cookies to operate our Service.</li><li><b>Preference Cookies.</b> We use Preference Cookies to remember your preferences and various settings.</li><li><b>Security Cookies.</b> We use Security Cookies for security purposes.</li></ul><h2>Use of Data</h2><p>hose &amp; accessories of america, LLC uses the collected data for various purposes:</p><ul><li>To provide and maintain the Service</li><li>To notify you about changes to our Service</li><li>To allow you to participate in interactive features of our Service when you choose to do so</li><li>To provide customer care and support</li><li>To provide analysis or valuable information so that we can improve the Service</li><li>To monitor the usage of the Service</li><li>To detect, prevent and address technical issues</li></ul><h2>Transfer Of Data</h2><p>Your information, including Personal Data, may be transferred to \\u2014 and maintained on \\u2014 computers located outside of your state, province, country or other governmental jurisdiction where the data protection laws may differ than those from your jurisdiction.</p><p>If you are located outside United States and choose to provide information to us, please note that we transfer the data, including Personal Data, to United States and process it there.</p><p>Your consent to this Privacy Policy followed by your submission of such information represents your agreement to that transfer.</p><p>hose &amp; accessories of america, LLC will take all steps reasonably necessary to ensure that your data is treated securely and in accordance with this Privacy Policy and no transfer of your Personal Data will take place to an organization or a country unless there are adequate controls in place including the security of your data and other personal information.</p><h2>Disclosure Of Data</h2><h3>Legal Requirements</h3><p>hose &amp; accessories of america, LLC may disclose your Personal Data in the good faith belief that such action is necessary to:</p><ul><li>To comply with a legal obligation</li><li>To protect and defend the rights or property of hose &amp; accessories of america, LLC</li><li>To prevent or investigate possible wrongdoing in connection with the Service</li><li>To protect the personal safety of users of the Service or the public</li><li>To protect against legal liability</li></ul><h2>Security Of Data</h2><p>The security of your data is important to us, but remember that no method of transmission over the Internet, or method of electronic storage is 100% secure. While we strive to use commercially acceptable means to protect your Personal Data, we cannot guarantee its absolute security.</p><h2>Service Providers</h2><p>We may employ third party companies and individuals to facilitate our Service (&quot;Service Providers&quot;), to provide the Service on our behalf, to perform Service-related services or to assist us in analyzing how our Service is used.</p><p>These third parties have access to your Personal Data only to perform these tasks on our behalf and are obligated not to disclose or use it for any other purpose.</p><h3>Analytics</h3><p>We may use third-party Service Providers to monitor and analyze the use of our Service.</p><ul><li><b>Google Analytics</b><br/>Google Analytics is a web analytics service offered by Google that tracks and reports website traffic. Google uses the data collected to track and monitor the use of our Service. This data is shared with other Google services. Google may use the collected data to contextualize and personalize the ads of its own advertising network.<br/>You can opt-out of having made your activity on the Service available to Google Analytics by installing the Google Analytics opt-out browser add-on. The add-on prevents the Google Analytics JavaScript (ga.js, analytics.js, and dc.js) from sharing information with Google Analytics about visits activity.<br/>For more information on the privacy practices of Google, please visit the Google Privacy &amp; Terms web page: <a href=\\\"https://policies.google.com/privacy?hl=en\\\">https://policies.google.com/privacy?hl=en</a></li></ul><h2>Links To Other Sites</h2><p>Our Service may contain links to other sites that are not operated by us. If you click on a third party link, you will be directed to that third party&#x27;s site. We strongly advise you to review the Privacy Policy of every site you visit.</p><p>We have no control over and assume no responsibility for the content, privacy policies or practices of any third party sites or services.</p><h2>Children&#x27;s Privacy</h2><p>Our Service does not address anyone under the age of 18 (&quot;Children&quot;).</p><p>We do not knowingly collect personally identifiable information from anyone under the age of 18. If you are a parent or guardian and you are aware that your Children has provided us with Personal Data, please contact us. If we become aware that we have collected Personal Data from children without verification of parental consent, we take steps to remove that information from our servers.</p><h2>Changes To This Privacy Policy</h2><p>We may update our Privacy Policy from time to time. We will notify you of any changes by posting the new Privacy Policy on this page.</p><p>We will let you know via email and/or a prominent notice on our Service, prior to the change becoming effective and update the &quot;effective date&quot; at the top of this Privacy Policy.</p><p>You are advised to review this Privacy Policy periodically for any changes. Changes to this Privacy Policy are effective when they are posted on this page.</p><h2>Contact Us</h2><p>If you have any questions about this Privacy Policy, please contact us:</p><ul><li>By email: hello@modwebservices.com</li><li>By visiting this page on our website: http://hose-accessories.com/privacy</li></ul>\"}",
        "approved_go_live_at": null
    }
},
{
    "model": "wagtailcore.pagerevision",
    "pk": 65,
    "fields": {
        "page": 23,
        "submitted_for_moderation": false,
        "created_at": "2019-01-27T00:47:07.818Z",
        "user": [
            "dominicmazzola@gmail.com"
        ],
        "content_json": "{\"last_published_at\": \"2019-01-26T21:37:45.022Z\", \"go_live_at\": null, \"title\": \"Terms & Conditions | Stemletics\", \"seo_title\": \"\", \"slug\": \"terms-conditions-stemletics\", \"numchild\": 0, \"search_description\": \"\", \"path\": \"00010001000D\", \"latest_revision_created_at\": \"2019-01-26T21:37:44.995Z\", \"content\": \"<h3>1. Terms</h3><p>By accessing the website at <a href=\\\"https://www.hose-accessories.com/\\\">https://www.hose-accessories.com/</a>, you are agreeing to be bound by these terms of service, all applicable laws and regulations, and agree that you are responsible for compliance with any applicable local laws. If you do not agree with any of these terms, you are prohibited from using or accessing this site. The materials contained in this website are protected by applicable copyright and trademark law.</p><h3>2. Use License</h3><ol><li>Permission is granted to temporarily download one copy of the materials (information or software) on hose &amp; accessories of america, LLC&#x27;s website for personal, non-commercial transitory viewing only. This is the grant of a license, not a transfer of title, and under this license you may not:<ol><li>modify or copy the materials;</li><li>use the materials for any commercial purpose, or for any public display (commercial or non-commercial);</li><li>attempt to decompile or reverse engineer any software contained on hose &amp; accessories of america, LLC&#x27;s website;</li><li>remove any copyright or other proprietary notations from the materials; or</li><li>transfer the materials to another person or &quot;mirror&quot; the materials on any other server.</li></ol></li><li>This license shall automatically terminate if you violate any of these restrictions and may be terminated by hose &amp; accessories of america, LLC at any time. Upon terminating your viewing of these materials or upon the termination of this license, you must destroy any downloaded materials in your possession whether in electronic or printed format.</li></ol><h3>3. Disclaimer</h3><ol><li>The materials on hose &amp; accessories of america, LLC&#x27;s website are provided on an &#x27;as is&#x27; basis. hose &amp; accessories of america, LLC makes no warranties, expressed or implied, and hereby disclaims and negates all other warranties including, without limitation, implied warranties or conditions of merchantability, fitness for a particular purpose, or non-infringement of intellectual property or other violation of rights.</li><li>Further, hose &amp; accessories of america, LLC does not warrant or make any representations concerning the accuracy, likely results, or reliability of the use of the materials on its website or otherwise relating to such materials or on any sites linked to this site.</li></ol><h3>4. Limitations</h3><p>In no event shall hose &amp; accessories of america, LLC or its suppliers be liable for any damages (including, without limitation, damages for loss of data or profit, or due to business interruption) arising out of the use or inability to use the materials on hose &amp; accessories of america, LLC&#x27;s website, even if hose &amp; accessories of america, LLC or a hose &amp; accessories of america, LLC authorized representative has been notified orally or in writing of the possibility of such damage. Because some jurisdictions do not allow limitations on implied warranties, or limitations of liability for consequential or incidental damages, these limitations may not apply to you.</p><h3>5. Accuracy of materials</h3><p>The materials appearing on hose &amp; accessories of america, LLC&#x27;s website could include technical, typographical, or photographic errors. hose &amp; accessories of america, LLC does not warrant that any of the materials on its website are accurate, complete or current. hose &amp; accessories of america, LLC may make changes to the materials contained on its website at any time without notice. However hose &amp; accessories of america, LLC does not make any commitment to update the materials.</p><h3>6. Links</h3><p>hose &amp; accessories of america, LLC has not reviewed all of the sites linked to its website and is not responsible for the contents of any such linked site. The inclusion of any link does not imply endorsement by hose &amp; accessories of america, LLC of the site. Use of any such linked website is at the user&#x27;s own risk.</p><h3>7. Modifications</h3><p>hose &amp; accessories of america, LLC may revise these terms of service for its website at any time without notice. By using this website you are agreeing to be bound by the then current version of these terms of service.</p><h3>8. Governing Law</h3><p>These terms and conditions are governed by and construed in accordance with the laws of florida and you irrevocably submit to the exclusive jurisdiction of the courts in that State or location.</p>\", \"depth\": 3, \"content_type\": 65, \"expire_at\": null, \"owner\": 2, \"live\": true, \"first_published_at\": \"2019-01-26T21:37:45.022Z\", \"url_path\": \"/home/terms-conditions-stemletics/\", \"pk\": 23, \"show_in_menus\": false, \"draft_title\": \"Terms & Conditions | Stemletics\", \"expired\": false, \"live_revision\": 63, \"has_unpublished_changes\": false, \"locked\": false}",
        "approved_go_live_at": null
    }
},
{
    "model": "wagtailcore.pagerevision",
    "pk": 66,
    "fields": {
        "page": 23,
        "submitted_for_moderation": false,
        "created_at": "2019-01-27T00:55:45.387Z",
        "user": [
            "dominicmazzola@gmail.com"
        ],
        "content_json": "{\"slug\": \"terms-conditions-stemletics\", \"locked\": false, \"show_in_menus\": false, \"search_description\": \"\", \"live\": true, \"pk\": 23, \"content\": \"<h3>1. Terms</h3><p>By accessing the website at <a href=\\\"https://www.hose-accessories.com/\\\">https://www.hose-accessories.com/</a>, you are agreeing to be bound by these terms of service, all applicable laws and regulations, and agree that you are responsible for compliance with any applicable local laws. If you do not agree with any of these terms, you are prohibited from using or accessing this site. The materials contained in this website are protected by applicable copyright and trademark law.</p><h3>2. Use License</h3><ol><li>Permission is granted to temporarily download one copy of the materials (information or software) on hose &amp; accessories of america, LLC&#x27;s website for personal, non-commercial transitory viewing only. This is the grant of a license, not a transfer of title, and under this license you may not:<ol><li>modify or copy the materials;</li><li>use the materials for any commercial purpose, or for any public display (commercial or non-commercial);</li><li>attempt to decompile or reverse engineer any software contained on hose &amp; accessories of america, LLC&#x27;s website;</li><li>remove any copyright or other proprietary notations from the materials; or</li><li>transfer the materials to another person or &quot;mirror&quot; the materials on any other server.</li></ol></li><li>This license shall automatically terminate if you violate any of these restrictions and may be terminated by hose &amp; accessories of america, LLC at any time. Upon terminating your viewing of these materials or upon the termination of this license, you must destroy any downloaded materials in your possession whether in electronic or printed format.</li></ol><h3>3. Disclaimer</h3><ol><li>The materials on hose &amp; accessories of america, LLC&#x27;s website are provided on an &#x27;as is&#x27; basis. hose &amp; accessories of america, LLC makes no warranties, expressed or implied, and hereby disclaims and negates all other warranties including, without limitation, implied warranties or conditions of merchantability, fitness for a particular purpose, or non-infringement of intellectual property or other violation of rights.</li><li>Further, hose &amp; accessories of america, LLC does not warrant or make any representations concerning the accuracy, likely results, or reliability of the use of the materials on its website or otherwise relating to such materials or on any sites linked to this site.</li></ol><h3>4. Limitations</h3><p>In no event shall hose &amp; accessories of america, LLC or its suppliers be liable for any damages (including, without limitation, damages for loss of data or profit, or due to business interruption) arising out of the use or inability to use the materials on hose &amp; accessories of america, LLC&#x27;s website, even if hose &amp; accessories of america, LLC or a hose &amp; accessories of america, LLC authorized representative has been notified orally or in writing of the possibility of such damage. Because some jurisdictions do not allow limitations on implied warranties, or limitations of liability for consequential or incidental damages, these limitations may not apply to you.</p><h3>5. Accuracy of materials</h3><p>The materials appearing on hose &amp; accessories of america, LLC&#x27;s website could include technical, typographical, or photographic errors. hose &amp; accessories of america, LLC does not warrant that any of the materials on its website are accurate, complete or current. hose &amp; accessories of america, LLC may make changes to the materials contained on its website at any time without notice. However hose &amp; accessories of america, LLC does not make any commitment to update the materials.</p><h3>6. Links</h3><p>hose &amp; accessories of america, LLC has not reviewed all of the sites linked to its website and is not responsible for the contents of any such linked site. The inclusion of any link does not imply endorsement by hose &amp; accessories of america, LLC of the site. Use of any such linked website is at the user&#x27;s own risk.</p><h3>7. Modifications</h3><p>hose &amp; accessories of america, LLC may revise these terms of service for its website at any time without notice. By using this website you are agreeing to be bound by the then current version of these terms of service.</p><h3>8. Governing Law</h3><p>These terms and conditions are governed by and construed in accordance with the laws of florida and you irrevocably submit to the exclusive jurisdiction of the courts in that State or location.</p>\", \"expired\": false, \"title\": \"Terms & Conditions | Stemletics\", \"seo_title\": \"\", \"depth\": 3, \"url_path\": \"/home/terms-conditions-stemletics/\", \"draft_title\": \"Terms & Conditions | Stemletics\", \"last_published_at\": \"2019-01-27T00:47:07.855Z\", \"numchild\": 0, \"live_revision\": 65, \"content_type\": 65, \"latest_revision_created_at\": \"2019-01-27T00:47:07.818Z\", \"has_unpublished_changes\": false, \"header\": \"<p></p>\", \"expire_at\": null, \"go_live_at\": null, \"owner\": 2, \"path\": \"00010001000D\", \"first_published_at\": \"2019-01-26T21:37:45.022Z\"}",
        "approved_go_live_at": null
    }
},
{
    "model": "wagtailcore.pagerevision",
    "pk": 67,
    "fields": {
        "page": 23,
        "submitted_for_moderation": false,
        "created_at": "2019-01-27T00:56:35.637Z",
        "user": [
            "dominicmazzola@gmail.com"
        ],
        "content_json": "{\"slug\": \"terms\", \"locked\": false, \"show_in_menus\": false, \"search_description\": \"\", \"live\": true, \"pk\": 23, \"content\": \"<h3>1. Terms</h3><p>By accessing the website at <a href=\\\"https://www.hose-accessories.com/\\\">https://www.hose-accessories.com/</a>, you are agreeing to be bound by these terms of service, all applicable laws and regulations, and agree that you are responsible for compliance with any applicable local laws. If you do not agree with any of these terms, you are prohibited from using or accessing this site. The materials contained in this website are protected by applicable copyright and trademark law.</p><h3>2. Use License</h3><ol><li>Permission is granted to temporarily download one copy of the materials (information or software) on hose &amp; accessories of america, LLC&#x27;s website for personal, non-commercial transitory viewing only. This is the grant of a license, not a transfer of title, and under this license you may not:<ol><li>modify or copy the materials;</li><li>use the materials for any commercial purpose, or for any public display (commercial or non-commercial);</li><li>attempt to decompile or reverse engineer any software contained on hose &amp; accessories of america, LLC&#x27;s website;</li><li>remove any copyright or other proprietary notations from the materials; or</li><li>transfer the materials to another person or &quot;mirror&quot; the materials on any other server.</li></ol></li><li>This license shall automatically terminate if you violate any of these restrictions and may be terminated by hose &amp; accessories of america, LLC at any time. Upon terminating your viewing of these materials or upon the termination of this license, you must destroy any downloaded materials in your possession whether in electronic or printed format.</li></ol><h3>3. Disclaimer</h3><ol><li>The materials on hose &amp; accessories of america, LLC&#x27;s website are provided on an &#x27;as is&#x27; basis. hose &amp; accessories of america, LLC makes no warranties, expressed or implied, and hereby disclaims and negates all other warranties including, without limitation, implied warranties or conditions of merchantability, fitness for a particular purpose, or non-infringement of intellectual property or other violation of rights.</li><li>Further, hose &amp; accessories of america, LLC does not warrant or make any representations concerning the accuracy, likely results, or reliability of the use of the materials on its website or otherwise relating to such materials or on any sites linked to this site.</li></ol><h3>4. Limitations</h3><p>In no event shall hose &amp; accessories of america, LLC or its suppliers be liable for any damages (including, without limitation, damages for loss of data or profit, or due to business interruption) arising out of the use or inability to use the materials on hose &amp; accessories of america, LLC&#x27;s website, even if hose &amp; accessories of america, LLC or a hose &amp; accessories of america, LLC authorized representative has been notified orally or in writing of the possibility of such damage. Because some jurisdictions do not allow limitations on implied warranties, or limitations of liability for consequential or incidental damages, these limitations may not apply to you.</p><h3>5. Accuracy of materials</h3><p>The materials appearing on hose &amp; accessories of america, LLC&#x27;s website could include technical, typographical, or photographic errors. hose &amp; accessories of america, LLC does not warrant that any of the materials on its website are accurate, complete or current. hose &amp; accessories of america, LLC may make changes to the materials contained on its website at any time without notice. However hose &amp; accessories of america, LLC does not make any commitment to update the materials.</p><h3>6. Links</h3><p>hose &amp; accessories of america, LLC has not reviewed all of the sites linked to its website and is not responsible for the contents of any such linked site. The inclusion of any link does not imply endorsement by hose &amp; accessories of america, LLC of the site. Use of any such linked website is at the user&#x27;s own risk.</p><h3>7. Modifications</h3><p>hose &amp; accessories of america, LLC may revise these terms of service for its website at any time without notice. By using this website you are agreeing to be bound by the then current version of these terms of service.</p><h3>8. Governing Law</h3><p>These terms and conditions are governed by and construed in accordance with the laws of florida and you irrevocably submit to the exclusive jurisdiction of the courts in that State or location.</p>\", \"expired\": false, \"title\": \"Terms & Conditions | Stemletics\", \"seo_title\": \"\", \"depth\": 3, \"url_path\": \"/home/terms-conditions-stemletics/\", \"draft_title\": \"Terms & Conditions | Stemletics\", \"last_published_at\": \"2019-01-27T00:55:45.421Z\", \"numchild\": 0, \"live_revision\": 66, \"content_type\": 65, \"latest_revision_created_at\": \"2019-01-27T00:55:45.387Z\", \"has_unpublished_changes\": false, \"header\": \"<p></p>\", \"expire_at\": null, \"go_live_at\": null, \"owner\": 2, \"path\": \"00010001000D\", \"first_published_at\": \"2019-01-26T21:37:45.022Z\"}",
        "approved_go_live_at": null
    }
},
{
    "model": "wagtailcore.pagerevision",
    "pk": 68,
    "fields": {
        "page": 22,
        "submitted_for_moderation": false,
        "created_at": "2019-01-27T00:56:45.737Z",
        "user": [
            "dominicmazzola@gmail.com"
        ],
        "content_json": "{\"slug\": \"privacy-page\", \"locked\": false, \"show_in_menus\": false, \"search_description\": \"\", \"live\": true, \"pk\": 22, \"content\": \"<p>Privacy Policy</p><p>Effective date: October 13, 2018</p><p>hose &amp; accessories of america, LLC (&quot;us&quot;, &quot;we&quot;, or &quot;our&quot;) operates the http://hose-accessories.com website (the &quot;Service&quot;).</p><p>This page informs you of our policies regarding the collection, use, and disclosure of personal data when you use our Service and the choices you have associated with that data. Our Privacy Policy for hose &amp; accessories of america, LLC is managed through <a href=\\\"https://www.freeprivacypolicy.com/free-privacy-policy-generator.php\\\">Free Privacy Policy</a>.</p><p>We use your data to provide and improve the Service. By using the Service, you agree to the collection and use of information in accordance with this policy. Unless otherwise defined in this Privacy Policy, terms used in this Privacy Policy have the same meanings as in our Terms and Conditions, accessible from http://hose-accessories.com</p><h2>Information Collection And Use</h2><p>We collect several different types of information for various purposes to provide and improve our Service to you.</p><h3>Types of Data Collected</h3><h4>Personal Data</h4><p>While using our Service, we may ask you to provide us with certain personally identifiable information that can be used to contact or identify you (&quot;Personal Data&quot;). Personally identifiable information may include, but is not limited to:</p><ul><li>Email address</li><li>First name and last name</li><li>Phone number</li><li>Cookies and Usage Data</li></ul><h4>Usage Data</h4><p>We may also collect information how the Service is accessed and used (&quot;Usage Data&quot;). This Usage Data may include information such as your computer&#x27;s Internet Protocol address (e.g. IP address), browser type, browser version, the pages of our Service that you visit, the time and date of your visit, the time spent on those pages, unique device identifiers and other diagnostic data.</p><h4>Tracking &amp; Cookies Data</h4><p>We use cookies and similar tracking technologies to track the activity on our Service and hold certain information.</p><p>Cookies are files with small amount of data which may include an anonymous unique identifier. Cookies are sent to your browser from a website and stored on your device. Tracking technologies also used are beacons, tags, and scripts to collect and track information and to improve and analyze our Service.</p><p>You can instruct your browser to refuse all cookies or to indicate when a cookie is being sent. However, if you do not accept cookies, you may not be able to use some portions of our Service.</p><p>Examples of Cookies we use:</p><ul><li><b>Session Cookies.</b> We use Session Cookies to operate our Service.</li><li><b>Preference Cookies.</b> We use Preference Cookies to remember your preferences and various settings.</li><li><b>Security Cookies.</b> We use Security Cookies for security purposes.</li></ul><h2>Use of Data</h2><p>hose &amp; accessories of america, LLC uses the collected data for various purposes:</p><ul><li>To provide and maintain the Service</li><li>To notify you about changes to our Service</li><li>To allow you to participate in interactive features of our Service when you choose to do so</li><li>To provide customer care and support</li><li>To provide analysis or valuable information so that we can improve the Service</li><li>To monitor the usage of the Service</li><li>To detect, prevent and address technical issues</li></ul><h2>Transfer Of Data</h2><p>Your information, including Personal Data, may be transferred to \\u2014 and maintained on \\u2014 computers located outside of your state, province, country or other governmental jurisdiction where the data protection laws may differ than those from your jurisdiction.</p><p>If you are located outside United States and choose to provide information to us, please note that we transfer the data, including Personal Data, to United States and process it there.</p><p>Your consent to this Privacy Policy followed by your submission of such information represents your agreement to that transfer.</p><p>hose &amp; accessories of america, LLC will take all steps reasonably necessary to ensure that your data is treated securely and in accordance with this Privacy Policy and no transfer of your Personal Data will take place to an organization or a country unless there are adequate controls in place including the security of your data and other personal information.</p><h2>Disclosure Of Data</h2><h3>Legal Requirements</h3><p>hose &amp; accessories of america, LLC may disclose your Personal Data in the good faith belief that such action is necessary to:</p><ul><li>To comply with a legal obligation</li><li>To protect and defend the rights or property of hose &amp; accessories of america, LLC</li><li>To prevent or investigate possible wrongdoing in connection with the Service</li><li>To protect the personal safety of users of the Service or the public</li><li>To protect against legal liability</li></ul><h2>Security Of Data</h2><p>The security of your data is important to us, but remember that no method of transmission over the Internet, or method of electronic storage is 100% secure. While we strive to use commercially acceptable means to protect your Personal Data, we cannot guarantee its absolute security.</p><h2>Service Providers</h2><p>We may employ third party companies and individuals to facilitate our Service (&quot;Service Providers&quot;), to provide the Service on our behalf, to perform Service-related services or to assist us in analyzing how our Service is used.</p><p>These third parties have access to your Personal Data only to perform these tasks on our behalf and are obligated not to disclose or use it for any other purpose.</p><h3>Analytics</h3><p>We may use third-party Service Providers to monitor and analyze the use of our Service.</p><ul><li><b>Google Analytics</b><br/>Google Analytics is a web analytics service offered by Google that tracks and reports website traffic. Google uses the data collected to track and monitor the use of our Service. This data is shared with other Google services. Google may use the collected data to contextualize and personalize the ads of its own advertising network.<br/>You can opt-out of having made your activity on the Service available to Google Analytics by installing the Google Analytics opt-out browser add-on. The add-on prevents the Google Analytics JavaScript (ga.js, analytics.js, and dc.js) from sharing information with Google Analytics about visits activity.<br/>For more information on the privacy practices of Google, please visit the Google Privacy &amp; Terms web page: <a href=\\\"https://policies.google.com/privacy?hl=en\\\">https://policies.google.com/privacy?hl=en</a></li></ul><h2>Links To Other Sites</h2><p>Our Service may contain links to other sites that are not operated by us. If you click on a third party link, you will be directed to that third party&#x27;s site. We strongly advise you to review the Privacy Policy of every site you visit.</p><p>We have no control over and assume no responsibility for the content, privacy policies or practices of any third party sites or services.</p><h2>Children&#x27;s Privacy</h2><p>Our Service does not address anyone under the age of 18 (&quot;Children&quot;).</p><p>We do not knowingly collect personally identifiable information from anyone under the age of 18. If you are a parent or guardian and you are aware that your Children has provided us with Personal Data, please contact us. If we become aware that we have collected Personal Data from children without verification of parental consent, we take steps to remove that information from our servers.</p><h2>Changes To This Privacy Policy</h2><p>We may update our Privacy Policy from time to time. We will notify you of any changes by posting the new Privacy Policy on this page.</p><p>We will let you know via email and/or a prominent notice on our Service, prior to the change becoming effective and update the &quot;effective date&quot; at the top of this Privacy Policy.</p><p>You are advised to review this Privacy Policy periodically for any changes. Changes to this Privacy Policy are effective when they are posted on this page.</p><h2>Contact Us</h2><p>If you have any questions about this Privacy Policy, please contact us:</p><ul><li>By email: hello@modwebservices.com</li><li>By visiting this page on our website: http://hose-accessories.com/privacy</li></ul>\", \"expired\": false, \"title\": \"Privacy Page | Stemletics\", \"seo_title\": \"\", \"depth\": 3, \"url_path\": \"/home/privacy-page-stemletics/\", \"draft_title\": \"Privacy Page | Stemletics\", \"last_published_at\": \"2019-01-27T00:40:34.293Z\", \"numchild\": 0, \"live_revision\": 64, \"content_type\": 64, \"latest_revision_created_at\": \"2019-01-27T00:40:34.236Z\", \"has_unpublished_changes\": false, \"header\": \"<p></p>\", \"expire_at\": null, \"go_live_at\": null, \"owner\": 2, \"path\": \"00010001000C\", \"first_published_at\": \"2019-01-26T21:37:27.157Z\"}",
        "approved_go_live_at": null
    }
},
{
    "model": "wagtailcore.pagerevision",
    "pk": 69,
    "fields": {
        "page": 22,
        "submitted_for_moderation": false,
        "created_at": "2019-01-27T00:56:48.663Z",
        "user": [
            "dominicmazzola@gmail.com"
        ],
        "content_json": "{\"slug\": \"privacy-page\", \"locked\": false, \"show_in_menus\": false, \"search_description\": \"\", \"live\": true, \"pk\": 22, \"content\": \"<p>Privacy Policy</p><p>Effective date: October 13, 2018</p><p>hose &amp; accessories of america, LLC (&quot;us&quot;, &quot;we&quot;, or &quot;our&quot;) operates the http://hose-accessories.com website (the &quot;Service&quot;).</p><p>This page informs you of our policies regarding the collection, use, and disclosure of personal data when you use our Service and the choices you have associated with that data. Our Privacy Policy for hose &amp; accessories of america, LLC is managed through <a href=\\\"https://www.freeprivacypolicy.com/free-privacy-policy-generator.php\\\">Free Privacy Policy</a>.</p><p>We use your data to provide and improve the Service. By using the Service, you agree to the collection and use of information in accordance with this policy. Unless otherwise defined in this Privacy Policy, terms used in this Privacy Policy have the same meanings as in our Terms and Conditions, accessible from http://hose-accessories.com</p><h2>Information Collection And Use</h2><p>We collect several different types of information for various purposes to provide and improve our Service to you.</p><h3>Types of Data Collected</h3><h4>Personal Data</h4><p>While using our Service, we may ask you to provide us with certain personally identifiable information that can be used to contact or identify you (&quot;Personal Data&quot;). Personally identifiable information may include, but is not limited to:</p><ul><li>Email address</li><li>First name and last name</li><li>Phone number</li><li>Cookies and Usage Data</li></ul><h4>Usage Data</h4><p>We may also collect information how the Service is accessed and used (&quot;Usage Data&quot;). This Usage Data may include information such as your computer&#x27;s Internet Protocol address (e.g. IP address), browser type, browser version, the pages of our Service that you visit, the time and date of your visit, the time spent on those pages, unique device identifiers and other diagnostic data.</p><h4>Tracking &amp; Cookies Data</h4><p>We use cookies and similar tracking technologies to track the activity on our Service and hold certain information.</p><p>Cookies are files with small amount of data which may include an anonymous unique identifier. Cookies are sent to your browser from a website and stored on your device. Tracking technologies also used are beacons, tags, and scripts to collect and track information and to improve and analyze our Service.</p><p>You can instruct your browser to refuse all cookies or to indicate when a cookie is being sent. However, if you do not accept cookies, you may not be able to use some portions of our Service.</p><p>Examples of Cookies we use:</p><ul><li><b>Session Cookies.</b> We use Session Cookies to operate our Service.</li><li><b>Preference Cookies.</b> We use Preference Cookies to remember your preferences and various settings.</li><li><b>Security Cookies.</b> We use Security Cookies for security purposes.</li></ul><h2>Use of Data</h2><p>hose &amp; accessories of america, LLC uses the collected data for various purposes:</p><ul><li>To provide and maintain the Service</li><li>To notify you about changes to our Service</li><li>To allow you to participate in interactive features of our Service when you choose to do so</li><li>To provide customer care and support</li><li>To provide analysis or valuable information so that we can improve the Service</li><li>To monitor the usage of the Service</li><li>To detect, prevent and address technical issues</li></ul><h2>Transfer Of Data</h2><p>Your information, including Personal Data, may be transferred to \\u2014 and maintained on \\u2014 computers located outside of your state, province, country or other governmental jurisdiction where the data protection laws may differ than those from your jurisdiction.</p><p>If you are located outside United States and choose to provide information to us, please note that we transfer the data, including Personal Data, to United States and process it there.</p><p>Your consent to this Privacy Policy followed by your submission of such information represents your agreement to that transfer.</p><p>hose &amp; accessories of america, LLC will take all steps reasonably necessary to ensure that your data is treated securely and in accordance with this Privacy Policy and no transfer of your Personal Data will take place to an organization or a country unless there are adequate controls in place including the security of your data and other personal information.</p><h2>Disclosure Of Data</h2><h3>Legal Requirements</h3><p>hose &amp; accessories of america, LLC may disclose your Personal Data in the good faith belief that such action is necessary to:</p><ul><li>To comply with a legal obligation</li><li>To protect and defend the rights or property of hose &amp; accessories of america, LLC</li><li>To prevent or investigate possible wrongdoing in connection with the Service</li><li>To protect the personal safety of users of the Service or the public</li><li>To protect against legal liability</li></ul><h2>Security Of Data</h2><p>The security of your data is important to us, but remember that no method of transmission over the Internet, or method of electronic storage is 100% secure. While we strive to use commercially acceptable means to protect your Personal Data, we cannot guarantee its absolute security.</p><h2>Service Providers</h2><p>We may employ third party companies and individuals to facilitate our Service (&quot;Service Providers&quot;), to provide the Service on our behalf, to perform Service-related services or to assist us in analyzing how our Service is used.</p><p>These third parties have access to your Personal Data only to perform these tasks on our behalf and are obligated not to disclose or use it for any other purpose.</p><h3>Analytics</h3><p>We may use third-party Service Providers to monitor and analyze the use of our Service.</p><ul><li><b>Google Analytics</b><br/>Google Analytics is a web analytics service offered by Google that tracks and reports website traffic. Google uses the data collected to track and monitor the use of our Service. This data is shared with other Google services. Google may use the collected data to contextualize and personalize the ads of its own advertising network.<br/>You can opt-out of having made your activity on the Service available to Google Analytics by installing the Google Analytics opt-out browser add-on. The add-on prevents the Google Analytics JavaScript (ga.js, analytics.js, and dc.js) from sharing information with Google Analytics about visits activity.<br/>For more information on the privacy practices of Google, please visit the Google Privacy &amp; Terms web page: <a href=\\\"https://policies.google.com/privacy?hl=en\\\">https://policies.google.com/privacy?hl=en</a></li></ul><h2>Links To Other Sites</h2><p>Our Service may contain links to other sites that are not operated by us. If you click on a third party link, you will be directed to that third party&#x27;s site. We strongly advise you to review the Privacy Policy of every site you visit.</p><p>We have no control over and assume no responsibility for the content, privacy policies or practices of any third party sites or services.</p><h2>Children&#x27;s Privacy</h2><p>Our Service does not address anyone under the age of 18 (&quot;Children&quot;).</p><p>We do not knowingly collect personally identifiable information from anyone under the age of 18. If you are a parent or guardian and you are aware that your Children has provided us with Personal Data, please contact us. If we become aware that we have collected Personal Data from children without verification of parental consent, we take steps to remove that information from our servers.</p><h2>Changes To This Privacy Policy</h2><p>We may update our Privacy Policy from time to time. We will notify you of any changes by posting the new Privacy Policy on this page.</p><p>We will let you know via email and/or a prominent notice on our Service, prior to the change becoming effective and update the &quot;effective date&quot; at the top of this Privacy Policy.</p><p>You are advised to review this Privacy Policy periodically for any changes. Changes to this Privacy Policy are effective when they are posted on this page.</p><h2>Contact Us</h2><p>If you have any questions about this Privacy Policy, please contact us:</p><ul><li>By email: hello@modwebservices.com</li><li>By visiting this page on our website: http://hose-accessories.com/privacy</li></ul>\", \"expired\": false, \"title\": \"Privacy Page | Stemletics\", \"seo_title\": \"\", \"depth\": 3, \"url_path\": \"/home/privacy-page/\", \"draft_title\": \"Privacy Page | Stemletics\", \"last_published_at\": \"2019-01-27T00:40:34.293Z\", \"numchild\": 0, \"live_revision\": 64, \"content_type\": 64, \"latest_revision_created_at\": \"2019-01-27T00:56:45.737Z\", \"has_unpublished_changes\": true, \"header\": \"<p></p>\", \"expire_at\": null, \"go_live_at\": null, \"owner\": 2, \"path\": \"00010001000C\", \"first_published_at\": \"2019-01-26T21:37:27.157Z\"}",
        "approved_go_live_at": null
    }
},
{
    "model": "wagtailcore.pagerevision",
    "pk": 70,
    "fields": {
        "page": 23,
        "submitted_for_moderation": false,
        "created_at": "2019-01-27T00:56:57.731Z",
        "user": [
            "dominicmazzola@gmail.com"
        ],
        "content_json": "{\"slug\": \"terms-page\", \"locked\": false, \"show_in_menus\": false, \"search_description\": \"\", \"live\": true, \"pk\": 23, \"content\": \"<h3>1. Terms</h3><p>By accessing the website at <a href=\\\"https://www.hose-accessories.com/\\\">https://www.hose-accessories.com/</a>, you are agreeing to be bound by these terms of service, all applicable laws and regulations, and agree that you are responsible for compliance with any applicable local laws. If you do not agree with any of these terms, you are prohibited from using or accessing this site. The materials contained in this website are protected by applicable copyright and trademark law.</p><h3>2. Use License</h3><ol><li>Permission is granted to temporarily download one copy of the materials (information or software) on hose &amp; accessories of america, LLC&#x27;s website for personal, non-commercial transitory viewing only. This is the grant of a license, not a transfer of title, and under this license you may not:<ol><li>modify or copy the materials;</li><li>use the materials for any commercial purpose, or for any public display (commercial or non-commercial);</li><li>attempt to decompile or reverse engineer any software contained on hose &amp; accessories of america, LLC&#x27;s website;</li><li>remove any copyright or other proprietary notations from the materials; or</li><li>transfer the materials to another person or &quot;mirror&quot; the materials on any other server.</li></ol></li><li>This license shall automatically terminate if you violate any of these restrictions and may be terminated by hose &amp; accessories of america, LLC at any time. Upon terminating your viewing of these materials or upon the termination of this license, you must destroy any downloaded materials in your possession whether in electronic or printed format.</li></ol><h3>3. Disclaimer</h3><ol><li>The materials on hose &amp; accessories of america, LLC&#x27;s website are provided on an &#x27;as is&#x27; basis. hose &amp; accessories of america, LLC makes no warranties, expressed or implied, and hereby disclaims and negates all other warranties including, without limitation, implied warranties or conditions of merchantability, fitness for a particular purpose, or non-infringement of intellectual property or other violation of rights.</li><li>Further, hose &amp; accessories of america, LLC does not warrant or make any representations concerning the accuracy, likely results, or reliability of the use of the materials on its website or otherwise relating to such materials or on any sites linked to this site.</li></ol><h3>4. Limitations</h3><p>In no event shall hose &amp; accessories of america, LLC or its suppliers be liable for any damages (including, without limitation, damages for loss of data or profit, or due to business interruption) arising out of the use or inability to use the materials on hose &amp; accessories of america, LLC&#x27;s website, even if hose &amp; accessories of america, LLC or a hose &amp; accessories of america, LLC authorized representative has been notified orally or in writing of the possibility of such damage. Because some jurisdictions do not allow limitations on implied warranties, or limitations of liability for consequential or incidental damages, these limitations may not apply to you.</p><h3>5. Accuracy of materials</h3><p>The materials appearing on hose &amp; accessories of america, LLC&#x27;s website could include technical, typographical, or photographic errors. hose &amp; accessories of america, LLC does not warrant that any of the materials on its website are accurate, complete or current. hose &amp; accessories of america, LLC may make changes to the materials contained on its website at any time without notice. However hose &amp; accessories of america, LLC does not make any commitment to update the materials.</p><h3>6. Links</h3><p>hose &amp; accessories of america, LLC has not reviewed all of the sites linked to its website and is not responsible for the contents of any such linked site. The inclusion of any link does not imply endorsement by hose &amp; accessories of america, LLC of the site. Use of any such linked website is at the user&#x27;s own risk.</p><h3>7. Modifications</h3><p>hose &amp; accessories of america, LLC may revise these terms of service for its website at any time without notice. By using this website you are agreeing to be bound by the then current version of these terms of service.</p><h3>8. Governing Law</h3><p>These terms and conditions are governed by and construed in accordance with the laws of florida and you irrevocably submit to the exclusive jurisdiction of the courts in that State or location.</p>\", \"expired\": false, \"title\": \"Terms & Conditions | Stemletics\", \"seo_title\": \"\", \"depth\": 3, \"url_path\": \"/home/terms/\", \"draft_title\": \"Terms & Conditions | Stemletics\", \"last_published_at\": \"2019-01-27T00:56:35.673Z\", \"numchild\": 0, \"live_revision\": 67, \"content_type\": 65, \"latest_revision_created_at\": \"2019-01-27T00:56:35.637Z\", \"has_unpublished_changes\": false, \"header\": \"<p></p>\", \"expire_at\": null, \"go_live_at\": null, \"owner\": 2, \"path\": \"00010001000D\", \"first_published_at\": \"2019-01-26T21:37:45.022Z\"}",
        "approved_go_live_at": null
    }
},
{
    "model": "wagtailcore.pagerevision",
    "pk": 71,
    "fields": {
        "page": 22,
        "submitted_for_moderation": false,
        "created_at": "2019-01-27T00:58:01.137Z",
        "user": [
            "dominicmazzola@gmail.com"
        ],
        "content_json": "{\"slug\": \"privacy-page\", \"locked\": false, \"show_in_menus\": false, \"search_description\": \"\", \"live\": true, \"pk\": 22, \"content\": \"<p>Privacy Policy</p><p>Effective date: October 13, 2018</p><p>hose &amp; accessories of america, LLC (&quot;us&quot;, &quot;we&quot;, or &quot;our&quot;) operates the http://hose-accessories.com website (the &quot;Service&quot;).</p><p>This page informs you of our policies regarding the collection, use, and disclosure of personal data when you use our Service and the choices you have associated with that data. Our Privacy Policy for hose &amp; accessories of america, LLC is managed through <a href=\\\"https://www.freeprivacypolicy.com/free-privacy-policy-generator.php\\\">Free Privacy Policy</a>.</p><p>We use your data to provide and improve the Service. By using the Service, you agree to the collection and use of information in accordance with this policy. Unless otherwise defined in this Privacy Policy, terms used in this Privacy Policy have the same meanings as in our Terms and Conditions, accessible from http://hose-accessories.com</p><h2>Information Collection And Use</h2><p>We collect several different types of information for various purposes to provide and improve our Service to you.</p><h3>Types of Data Collected</h3><h4>Personal Data</h4><p>While using our Service, we may ask you to provide us with certain personally identifiable information that can be used to contact or identify you (&quot;Personal Data&quot;). Personally identifiable information may include, but is not limited to:</p><ul><li>Email address</li><li>First name and last name</li><li>Phone number</li><li>Cookies and Usage Data</li></ul><h4>Usage Data</h4><p>We may also collect information how the Service is accessed and used (&quot;Usage Data&quot;). This Usage Data may include information such as your computer&#x27;s Internet Protocol address (e.g. IP address), browser type, browser version, the pages of our Service that you visit, the time and date of your visit, the time spent on those pages, unique device identifiers and other diagnostic data.</p><h4>Tracking &amp; Cookies Data</h4><p>We use cookies and similar tracking technologies to track the activity on our Service and hold certain information.</p><p>Cookies are files with small amount of data which may include an anonymous unique identifier. Cookies are sent to your browser from a website and stored on your device. Tracking technologies also used are beacons, tags, and scripts to collect and track information and to improve and analyze our Service.</p><p>You can instruct your browser to refuse all cookies or to indicate when a cookie is being sent. However, if you do not accept cookies, you may not be able to use some portions of our Service.</p><p>Examples of Cookies we use:</p><ul><li><b>Session Cookies.</b> We use Session Cookies to operate our Service.</li><li><b>Preference Cookies.</b> We use Preference Cookies to remember your preferences and various settings.</li><li><b>Security Cookies.</b> We use Security Cookies for security purposes.</li></ul><h2>Use of Data</h2><p>hose &amp; accessories of america, LLC uses the collected data for various purposes:</p><ul><li>To provide and maintain the Service</li><li>To notify you about changes to our Service</li><li>To allow you to participate in interactive features of our Service when you choose to do so</li><li>To provide customer care and support</li><li>To provide analysis or valuable information so that we can improve the Service</li><li>To monitor the usage of the Service</li><li>To detect, prevent and address technical issues</li></ul><h2>Transfer Of Data</h2><p>Your information, including Personal Data, may be transferred to \\u2014 and maintained on \\u2014 computers located outside of your state, province, country or other governmental jurisdiction where the data protection laws may differ than those from your jurisdiction.</p><p>If you are located outside United States and choose to provide information to us, please note that we transfer the data, including Personal Data, to United States and process it there.</p><p>Your consent to this Privacy Policy followed by your submission of such information represents your agreement to that transfer.</p><p>hose &amp; accessories of america, LLC will take all steps reasonably necessary to ensure that your data is treated securely and in accordance with this Privacy Policy and no transfer of your Personal Data will take place to an organization or a country unless there are adequate controls in place including the security of your data and other personal information.</p><h2>Disclosure Of Data</h2><h3>Legal Requirements</h3><p>hose &amp; accessories of america, LLC may disclose your Personal Data in the good faith belief that such action is necessary to:</p><ul><li>To comply with a legal obligation</li><li>To protect and defend the rights or property of hose &amp; accessories of america, LLC</li><li>To prevent or investigate possible wrongdoing in connection with the Service</li><li>To protect the personal safety of users of the Service or the public</li><li>To protect against legal liability</li></ul><h2>Security Of Data</h2><p>The security of your data is important to us, but remember that no method of transmission over the Internet, or method of electronic storage is 100% secure. While we strive to use commercially acceptable means to protect your Personal Data, we cannot guarantee its absolute security.</p><h2>Service Providers</h2><p>We may employ third party companies and individuals to facilitate our Service (&quot;Service Providers&quot;), to provide the Service on our behalf, to perform Service-related services or to assist us in analyzing how our Service is used.</p><p>These third parties have access to your Personal Data only to perform these tasks on our behalf and are obligated not to disclose or use it for any other purpose.</p><h3>Analytics</h3><p>We may use third-party Service Providers to monitor and analyze the use of our Service.</p><ul><li><b>Google Analytics</b><br/>Google Analytics is a web analytics service offered by Google that tracks and reports website traffic. Google uses the data collected to track and monitor the use of our Service. This data is shared with other Google services. Google may use the collected data to contextualize and personalize the ads of its own advertising network.<br/>You can opt-out of having made your activity on the Service available to Google Analytics by installing the Google Analytics opt-out browser add-on. The add-on prevents the Google Analytics JavaScript (ga.js, analytics.js, and dc.js) from sharing information with Google Analytics about visits activity.<br/>For more information on the privacy practices of Google, please visit the Google Privacy &amp; Terms web page: <a href=\\\"https://policies.google.com/privacy?hl=en\\\">https://policies.google.com/privacy?hl=en</a></li></ul><h2>Links To Other Sites</h2><p>Our Service may contain links to other sites that are not operated by us. If you click on a third party link, you will be directed to that third party&#x27;s site. We strongly advise you to review the Privacy Policy of every site you visit.</p><p>We have no control over and assume no responsibility for the content, privacy policies or practices of any third party sites or services.</p><h2>Children&#x27;s Privacy</h2><p>Our Service does not address anyone under the age of 18 (&quot;Children&quot;).</p><p>We do not knowingly collect personally identifiable information from anyone under the age of 18. If you are a parent or guardian and you are aware that your Children has provided us with Personal Data, please contact us. If we become aware that we have collected Personal Data from children without verification of parental consent, we take steps to remove that information from our servers.</p><h2>Changes To This Privacy Policy</h2><p>We may update our Privacy Policy from time to time. We will notify you of any changes by posting the new Privacy Policy on this page.</p><p>We will let you know via email and/or a prominent notice on our Service, prior to the change becoming effective and update the &quot;effective date&quot; at the top of this Privacy Policy.</p><p>You are advised to review this Privacy Policy periodically for any changes. Changes to this Privacy Policy are effective when they are posted on this page.</p><h2>Contact Us</h2><p>If you have any questions about this Privacy Policy, please contact us:</p><ul><li>By email: hello@modwebservices.com</li><li>By visiting this page on our website: http://hose-accessories.com/privacy</li></ul>\", \"expired\": false, \"title\": \"Privacy Page | Stemletics\", \"seo_title\": \"\", \"depth\": 3, \"url_path\": \"/home/privacy-page/\", \"draft_title\": \"Privacy Page | Stemletics\", \"last_published_at\": \"2019-01-27T00:56:48.706Z\", \"numchild\": 0, \"live_revision\": 69, \"content_type\": 64, \"latest_revision_created_at\": \"2019-01-27T00:56:48.663Z\", \"has_unpublished_changes\": false, \"header\": \"<p>Privacy Page | Stemletics</p>\", \"expire_at\": null, \"go_live_at\": null, \"owner\": 2, \"path\": \"00010001000C\", \"first_published_at\": \"2019-01-26T21:37:27.157Z\"}",
        "approved_go_live_at": null
    }
},
{
    "model": "wagtailcore.pagerevision",
    "pk": 72,
    "fields": {
        "page": 23,
        "submitted_for_moderation": false,
        "created_at": "2019-01-27T00:58:33.289Z",
        "user": [
            "dominicmazzola@gmail.com"
        ],
        "content_json": "{\"slug\": \"terms-page\", \"locked\": false, \"show_in_menus\": false, \"search_description\": \"\", \"live\": true, \"pk\": 23, \"content\": \"\", \"expired\": false, \"title\": \"Terms & Conditions | Stemletics\", \"seo_title\": \"\", \"depth\": 3, \"url_path\": \"/home/terms-page/\", \"draft_title\": \"Terms & Conditions | Stemletics\", \"last_published_at\": \"2019-01-27T00:56:57.769Z\", \"numchild\": 0, \"live_revision\": 70, \"content_type\": 65, \"latest_revision_created_at\": \"2019-01-27T00:56:57.731Z\", \"has_unpublished_changes\": false, \"header\": \"<p>Terms &amp; Conditions | Stemletics</p>\", \"expire_at\": null, \"go_live_at\": null, \"owner\": 2, \"path\": \"00010001000D\", \"first_published_at\": \"2019-01-26T21:37:45.022Z\"}",
        "approved_go_live_at": null
    }
},
{
    "model": "wagtailcore.pagerevision",
    "pk": 73,
    "fields": {
        "page": 22,
        "submitted_for_moderation": false,
        "created_at": "2019-01-27T00:58:43.791Z",
        "user": [
            "dominicmazzola@gmail.com"
        ],
        "content_json": "{\"slug\": \"privacy-page\", \"locked\": false, \"show_in_menus\": false, \"search_description\": \"\", \"live\": true, \"pk\": 22, \"content\": \"\", \"expired\": false, \"title\": \"Privacy Page | Stemletics\", \"seo_title\": \"\", \"depth\": 3, \"url_path\": \"/home/privacy-page/\", \"draft_title\": \"Privacy Page | Stemletics\", \"last_published_at\": \"2019-01-27T00:58:01.178Z\", \"numchild\": 0, \"live_revision\": 71, \"content_type\": 64, \"latest_revision_created_at\": \"2019-01-27T00:58:01.137Z\", \"has_unpublished_changes\": false, \"header\": \"<p>Privacy Page | Stemletics</p>\", \"expire_at\": null, \"go_live_at\": null, \"owner\": 2, \"path\": \"00010001000C\", \"first_published_at\": \"2019-01-26T21:37:27.157Z\"}",
        "approved_go_live_at": null
    }
},
{
    "model": "wagtailcore.page",
    "pk": 1,
    "fields": {
        "path": "0001",
        "depth": 1,
        "numchild": 1,
        "title": "Root",
        "draft_title": "Root",
        "slug": "root",
        "content_type": [
            "wagtailcore",
            "page"
        ],
        "live": true,
        "has_unpublished_changes": false,
        "url_path": "/",
        "owner": null,
        "seo_title": "",
        "show_in_menus": false,
        "search_description": "",
        "go_live_at": null,
        "expire_at": null,
        "expired": false,
        "locked": false,
        "first_published_at": null,
        "last_published_at": null,
        "latest_revision_created_at": null,
        "live_revision": null
    }
},
{
    "model": "wagtailcore.page",
    "pk": 3,
    "fields": {
        "path": "00010001",
        "depth": 2,
        "numchild": 7,
        "title": "HOME",
        "draft_title": "HOME",
        "slug": "home",
        "content_type": [
            "home",
            "homepage"
        ],
        "live": true,
        "has_unpublished_changes": false,
        "url_path": "/home/",
        "owner": [
            "dominicmazzola@gmail.com"
        ],
        "seo_title": "",
        "show_in_menus": false,
        "search_description": "",
        "go_live_at": null,
        "expire_at": null,
        "expired": false,
        "locked": false,
        "first_published_at": "2018-10-18T01:54:15.836Z",
        "last_published_at": "2018-11-24T22:18:21.587Z",
        "latest_revision_created_at": "2018-11-24T22:18:21.553Z",
        "live_revision": 25
    }
},
{
    "model": "wagtailcore.page",
    "pk": 5,
    "fields": {
        "path": "000100010002",
        "depth": 3,
        "numchild": 0,
        "title": "Contact Us",
        "draft_title": "Contact Us",
        "slug": "contact",
        "content_type": [
            "home",
            "formpage"
        ],
        "live": true,
        "has_unpublished_changes": false,
        "url_path": "/home/contact/",
        "owner": [
            "dominicmazzola@gmail.com"
        ],
        "seo_title": "",
        "show_in_menus": false,
        "search_description": "",
        "go_live_at": null,
        "expire_at": null,
        "expired": false,
        "locked": false,
        "first_published_at": "2018-10-18T05:42:35.557Z",
        "last_published_at": "2019-01-25T01:19:12.674Z",
        "latest_revision_created_at": "2019-01-25T01:19:12.631Z",
        "live_revision": 53
    }
},
{
    "model": "wagtailcore.page",
    "pk": 12,
    "fields": {
        "path": "000100010005",
        "depth": 3,
        "numchild": 0,
        "title": "Event",
        "draft_title": "Event",
        "slug": "event",
        "content_type": [
            "event",
            "eventpage"
        ],
        "live": true,
        "has_unpublished_changes": false,
        "url_path": "/home/event/",
        "owner": [
            "dominicmazzola@gmail.com"
        ],
        "seo_title": "",
        "show_in_menus": false,
        "search_description": "",
        "go_live_at": null,
        "expire_at": null,
        "expired": false,
        "locked": false,
        "first_published_at": "2018-10-26T01:53:57.667Z",
        "last_published_at": "2018-11-24T22:43:17.503Z",
        "latest_revision_created_at": "2018-11-24T22:43:17.471Z",
        "live_revision": 26
    }
},
{
    "model": "wagtailcore.page",
    "pk": 17,
    "fields": {
        "path": "000100010007",
        "depth": 3,
        "numchild": 0,
        "title": "Reading Event",
        "draft_title": "Reading Event",
        "slug": "reading-event",
        "content_type": [
            "event",
            "eventpage"
        ],
        "live": true,
        "has_unpublished_changes": false,
        "url_path": "/home/reading-event/",
        "owner": [
            "dominicmazzola@gmail.com"
        ],
        "seo_title": "",
        "show_in_menus": false,
        "search_description": "",
        "go_live_at": null,
        "expire_at": null,
        "expired": false,
        "locked": false,
        "first_published_at": "2018-11-25T03:07:08.380Z",
        "last_published_at": "2018-11-25T03:07:08.380Z",
        "latest_revision_created_at": "2018-11-25T03:07:08.338Z",
        "live_revision": 28
    }
},
{
    "model": "wagtailcore.page",
    "pk": 18,
    "fields": {
        "path": "000100010008",
        "depth": 3,
        "numchild": 0,
        "title": "Math Event",
        "draft_title": "Math Event",
        "slug": "math-event",
        "content_type": [
            "event",
            "eventpage"
        ],
        "live": true,
        "has_unpublished_changes": false,
        "url_path": "/home/math-event/",
        "owner": [
            "dominicmazzola@gmail.com"
        ],
        "seo_title": "",
        "show_in_menus": false,
        "search_description": "",
        "go_live_at": null,
        "expire_at": null,
        "expired": false,
        "locked": false,
        "first_published_at": "2018-11-25T03:07:34.854Z",
        "last_published_at": "2018-11-25T03:07:34.854Z",
        "latest_revision_created_at": "2018-11-25T03:07:34.814Z",
        "live_revision": 29
    }
},
{
    "model": "wagtailcore.page",
    "pk": 20,
    "fields": {
        "path": "00010001000A",
        "depth": 3,
        "numchild": 0,
        "title": "About us | What is Stemletics",
        "draft_title": "About us | What is Stemletics",
        "slug": "about",
        "content_type": [
            "home",
            "aboutpage"
        ],
        "live": true,
        "has_unpublished_changes": false,
        "url_path": "/home/about/",
        "owner": [
            "dominicmazzola@gmail.com"
        ],
        "seo_title": "",
        "show_in_menus": false,
        "search_description": "",
        "go_live_at": null,
        "expire_at": null,
        "expired": false,
        "locked": false,
        "first_published_at": "2019-01-13T19:05:22.715Z",
        "last_published_at": "2019-01-26T01:03:53.069Z",
        "latest_revision_created_at": "2019-01-26T01:03:53.030Z",
        "live_revision": 61
    }
},
{
    "model": "wagtailcore.page",
    "pk": 21,
    "fields": {
        "path": "00010001000B",
        "depth": 3,
        "numchild": 0,
        "title": "Stemletics Recruitment | Apply Today",
        "draft_title": "Stemletics Recruitment | Apply Today",
        "slug": "recruitment",
        "content_type": [
            "home",
            "jobpage"
        ],
        "live": true,
        "has_unpublished_changes": false,
        "url_path": "/home/recruitment/",
        "owner": [
            "dominicmazzola@gmail.com"
        ],
        "seo_title": "",
        "show_in_menus": false,
        "search_description": "",
        "go_live_at": null,
        "expire_at": null,
        "expired": false,
        "locked": false,
        "first_published_at": "2019-01-13T22:41:17.040Z",
        "last_published_at": "2019-01-25T02:42:42.039Z",
        "latest_revision_created_at": "2019-01-25T02:42:41.988Z",
        "live_revision": 57
    }
},
{
    "model": "wagtailcore.page",
    "pk": 22,
    "fields": {
        "path": "00010001000C",
        "depth": 3,
        "numchild": 0,
        "title": "Privacy Page | Stemletics",
        "draft_title": "Privacy Page | Stemletics",
        "slug": "privacy-page",
        "content_type": [
            "home",
            "privacypage"
        ],
        "live": true,
        "has_unpublished_changes": false,
        "url_path": "/home/privacy-page/",
        "owner": [
            "dominicmazzola@gmail.com"
        ],
        "seo_title": "",
        "show_in_menus": false,
        "search_description": "",
        "go_live_at": null,
        "expire_at": null,
        "expired": false,
        "locked": false,
        "first_published_at": "2019-01-26T21:37:27.157Z",
        "last_published_at": "2019-01-27T00:58:43.823Z",
        "latest_revision_created_at": "2019-01-27T00:58:43.791Z",
        "live_revision": 73
    }
},
{
    "model": "wagtailcore.page",
    "pk": 23,
    "fields": {
        "path": "00010001000D",
        "depth": 3,
        "numchild": 0,
        "title": "Terms & Conditions | Stemletics",
        "draft_title": "Terms & Conditions | Stemletics",
        "slug": "terms-page",
        "content_type": [
            "home",
            "termspage"
        ],
        "live": true,
        "has_unpublished_changes": false,
        "url_path": "/home/terms-page/",
        "owner": [
            "dominicmazzola@gmail.com"
        ],
        "seo_title": "",
        "show_in_menus": false,
        "search_description": "",
        "go_live_at": null,
        "expire_at": null,
        "expired": false,
        "locked": false,
        "first_published_at": "2019-01-26T21:37:45.022Z",
        "last_published_at": "2019-01-27T00:58:33.326Z",
        "latest_revision_created_at": "2019-01-27T00:58:33.289Z",
        "live_revision": 72
    }
},
{
    "model": "wagtailimages.image",
    "pk": 1,
    "fields": {
        "collection": 1,
        "title": "2018-6-8-Summer-Camp2.jpg",
        "file": "original_images/2018-6-8-Summer-Camp2.jpg",
        "width": 1275,
        "height": 1875,
        "created_at": "2018-11-24T22:14:25.019Z",
        "uploaded_by_user": [
            "dominicmazzola@gmail.com"
        ],
        "focal_point_x": null,
        "focal_point_y": null,
        "focal_point_width": null,
        "focal_point_height": null,
        "file_size": 313545,
        "file_hash": "2a5c1f18c58ebf83754405cb878e8364286437d6"
    }
},
{
    "model": "home.jobpage",
    "pk": 21,
    "fields": {
        "to_address": "",
        "from_address": "hello@modwebservices.com",
        "subject": "HELLO",
        "intro": "<p></p>",
        "thank_you_text": "<p></p>",
        "thank_you_page": 20
    }
},
{
    "model": "home.formpage",
    "pk": 5,
    "fields": {
        "to_address": "",
        "from_address": "",
        "subject": "",
        "intro": "<p></p>",
        "thank_you_text": "<p></p>",
        "thank_you_page": null
    }
},
{
    "model": "home.aboutpage",
    "pk": 20,
    "fields": {
        "header": "<p>What is Stemletics?</p>",
        "body": "<p>Lorem ipsum dolor sit amet, consectetur adipiscing elit, sed do eiusmod tempor incididunt ut labore et dolore magna aliqua. Ut enim ad minim veniam, quis nostrud exercitation ullamco laboris nisi ut aliquip ex ea commodo consequat. Duis aute irure dolor in reprehenderit in voluptate velit esse cillum dolore eu fugiat nulla pariatur. Excepteur sint occaecat cupidatat non proident, sunt in culpa qui officia deserunt mollit anim id est laborum.</p>",
        "header_two": "<p>Athetetics</p>",
        "body_two": "<p>Lorem ipsum dolor sit amet, consectetur adipiscing elit, sed do eiusmod tempor incididunt ut labore et dolore magna aliqua. Ut enim ad minim veniam, quis nostrud exercitation ullamco laboris nisi ut aliquip ex ea commodo consequat. Duis aute irure dolor in reprehenderit in voluptate velit esse cillum dolore eu fugiat nulla pariatur. Excepteur sint occaecat cupidatat non proident, sunt in culpa qui officia deserunt mollit anim id est laborum.</p>",
        "header_three": "<p>Academics</p>",
        "body_three": "<p>Lorem ipsum dolor sit amet, consectetur adipiscing elit, sed do eiusmod tempor incididunt ut labore et dolore magna aliqua. Ut enim ad minim veniam, quis nostrud exercitation ullamco laboris nisi ut aliquip ex ea commodo consequat. Duis aute irure dolor in reprehenderit in voluptate velit esse cillum dolore eu fugiat nulla pariatur. Excepteur sint occaecat cupidatat non proident, sunt in culpa qui officia deserunt mollit anim id est laborum.</p>",
        "header_four": "<p>Courses &amp; Lessons</p>",
        "body_four": "<p>Lorem ipsum dolor sit amet, consectetur adipiscing elit, sed do eiusmod tempor incididunt ut labore et dolore magna aliqua. Ut enim ad minim veniam, quis nostrud exercitation ullamco laboris nisi ut aliquip ex ea commodo consequat. Duis aute irure dolor in reprehenderit in voluptate velit esse cillum dolore eu fugiat nulla pariatur. Excepteur sint occaecat cupidatat non proident, sunt in culpa qui officia deserunt mollit anim id est laborum.</p>",
        "header_five": "<p>Events</p>",
        "body_five": "<p>Lorem ipsum dolor sit amet, consectetur adipiscing elit, sed do eiusmod tempor incididunt ut labore et dolore magna aliqua. Ut enim ad minim veniam, quis nostrud exercitation ullamco laboris nisi ut aliquip ex ea commodo consequat. Duis aute irure dolor in reprehenderit in voluptate velit esse cillum dolore eu fugiat nulla pariatur. Excepteur sint occaecat cupidatat non proident, sunt in culpa qui officia deserunt mollit anim id est laborum.</p>",
        "video_url": "https://s3.amazonaws.com/stemletic/final+sample+lesson.mp4",
        "video_thumbnail": "https://s3.amazonaws.com/stemletic/Selection_315.png"
    }
},
{
    "model": "home.termspage",
    "pk": 23,
    "fields": {
        "header": "<p>Terms &amp; Conditions | Stemletics</p>",
        "content": ""
    }
},
{
    "model": "home.privacypage",
    "pk": 22,
    "fields": {
        "header": "<p>Privacy Page | Stemletics</p>",
        "content": ""
    }
},
{
    "model": "home.homepage",
    "pk": 3,
    "fields": {
        "firstheader": "",
        "firstbody": "",
        "registerbuttonurl": "https://www.eventbrite.com/e/6th-8th-stem-basketball-camp-tickets-46867618308",
        "secondheader": "<p>The Most Extensive, Engaging, and Effective STEM Curriculum Ever Created!</p>",
        "secondbody": "<p>STEMLETICS is a dynamic company that combines two totally different subjects into one awesome program. We use sports as a vehicle to teach students about STEM concepts. Most students fail to see the connection between STEM and everyday life and that&#x27;s what makes the STEMLETICS program so valuable. We hope our efforts create generations of future leaders who are genuinely interested and passionate in STEM fields.</p>"
    }
}
]
